tree_id,x,y,species,dbh_in,stress_index,infected
POS4254,491253.57368005416,4882468.564549311,maple,8.0,0.0,False
POS37126,490342.20653866476,4881326.8403421035,oregon_ash,10.0,0.0,False
POS37709,490349.9736188322,4881328.412312155,oregon_ash,21.0,0.0,False
POS37710,490353.68303887226,4881327.613465487,oregon_ash,26.0,0.0,False
POS37712,490360.4125744794,4881326.665621683,oregon_ash,25.0,0.0,False
POS37713,490362.7688371534,4881324.560472779,oregon_ash,25.0,0.0,False
POS37734,490364.0543663009,4881324.010814273,oregon_ash,15.0,0.0,False
POS37735,490364.11643548415,4881323.646557669,oregon_ash,14.0,0.0,False
POS37745,490364.5676443168,4881323.660019977,oregon_ash,14.0,0.0,False
POS37746,490364.44636113866,4881323.43479621,oregon_ash,14.0,0.0,False
POS37747,490364.4848277101,4881324.143160334,maple,38.0,0.0,False
POS37932,492106.10740044474,4880955.373145752,maple,19.0,0.0,False
POS38428,492054.30020573235,4880981.63195776,maple,3.0,0.0,False
POS38437,491889.600690433,4881008.666250396,douglas_fir,29.0,0.0,False
POS38438,491881.8195839607,4880958.7327756155,oak,52.0,0.0,False
POS38439,491875.0117261979,4880885.312569754,douglas_fir,57.0,0.0,False
POS38441,491918.1700962617,4880852.60649633,pine,22.0,0.0,False
POS38442,491921.1283672001,4880852.609869408,pine,6.0,0.0,False
POS38444,491923.51481598883,4880864.296062229,maple,50.0,0.0,False
POS38445,491970.02154737903,4880805.715777937,douglas_fir,38.0,0.0,False
POS38448,491974.07765213266,4880843.521127479,maple,6.0,0.0,False
POS38450,492131.73729524907,4880691.133831583,douglas_fir,16.0,0.0,False
POS39243,491990.3458164867,4880853.924413919,douglas_fir,18.0,0.0,False
POS39249,492131.9498377564,4880869.859526711,oak,14.0,0.0,False
POS39404,490346.0003601544,4881301.882251424,maple,51.0,0.0,False
POS39405,490440.23400129087,4881463.731091222,maple,1.0,0.0,False
POS39408,490378.83567182557,4881324.6958365245,oregon_ash,18.0,0.0,False
POS39448,490914.5979929473,4881937.903017066,maple,8.0,0.0,False
POS39463,490401.6868451716,4881323.668787919,oregon_ash,12.0,0.0,False
POS39916,492141.92404528137,4881037.27386062,maple,4.0,0.0,False
POS39917,492150.91034097614,4881038.072030047,maple,1.0,0.0,False
POS39925,492189.11186271935,4881053.094919102,maple,12.0,0.0,False
POS42982,491427.12452226726,4881551.400141945,oak,10.0,0.0,False
POS42986,491428.9939544725,4881607.010669434,maple,15.0,0.0,False
POS42987,491454.80916821933,4881648.543572149,maple,17.0,0.0,False
POS42988,491462.0055849738,4881654.973042672,maple,14.0,0.0,False
POS42989,491470.4438540917,4881661.133561802,maple,10.0,0.0,False
POS42992,491504.5391466931,4881680.962643531,maple,9.0,0.0,False
POS42994,491548.9663413973,4881706.704344347,maple,7.0,0.0,False
POS42996,491576.81217240304,4881722.961377396,oak,17.0,0.0,False
POS42997,491593.7593021075,4881732.212656935,oak,9.0,0.0,False
POS42998,491609.82534757594,4881741.50294758,maple,8.0,0.0,False
POS42999,491622.70044771937,4881749.227291121,maple,14.0,0.0,False
POS43000,491631.3361062465,4881754.992693112,oak,23.0,0.0,False
POS43001,491650.40585547336,4881771.832276408,oak,22.0,0.0,False
POS43002,491658.4317843045,4881781.080261378,oak,20.0,0.0,False
POS43005,491687.55075460643,4881849.651226419,maple,10.0,0.0,False
POS43007,491689.09816897375,4881870.108542739,maple,13.0,0.0,False
POS43008,491687.8800172001,4881891.785963527,maple,11.0,0.0,False
POS43009,491685.5914556892,4881902.634710089,maple,11.0,0.0,False
POS43010,491683.22928334546,4881912.280634005,maple,25.0,0.0,False
POS43011,491679.41958100145,4881920.733439688,maple,13.0,0.0,False
POS43012,491676.4685513381,4881930.310491032,maple,10.0,0.0,False
POS43013,491672.2813822217,4881938.9194366755,maple,17.0,0.0,False
POS43015,491649.688618222,4881985.147490845,oak,22.0,0.0,False
POS43016,491644.9771694259,4881994.583209535,oak,22.0,0.0,False
POS43017,491640.0451094736,4882004.1297477195,oak,19.0,0.0,False
POS43058,491635.8725222222,4882013.925752601,oak,16.0,0.0,False
POS43070,491632.5142160663,4881899.631695104,maple,5.0,0.0,False
POS43071,491621.91121857025,4881900.079727099,maple,6.0,0.0,False
POS43072,491614.7432150881,4881909.800354433,oak,7.0,0.0,False
POS43073,491612.72467116313,4881933.78426236,maple,11.0,0.0,False
POS43074,491604.296727406,4881934.2708742,maple,10.0,0.0,False
POS43075,491596.1719812934,4881933.161771823,maple,8.0,0.0,False
POS43076,491588.73596060456,4881932.238297426,maple,9.0,0.0,False
POS43077,491579.2314667092,4881930.366763544,maple,13.0,0.0,False
POS43082,491540.10708013584,4881918.248439823,oak,18.0,0.0,False
POS43083,491539.89401422354,4881909.595278487,oak,16.0,0.0,False
POS43084,491549.6760078505,4881899.736690457,oak,15.0,0.0,False
POS43087,491508.4425151068,4881916.017451638,maple,4.0,0.0,False
POS43092,491423.7970451236,4881906.286381541,maple,6.0,0.0,False
POS43111,491635.62164670404,4881484.41853424,maple,11.0,0.0,False
POS43112,491625.0472872483,4881488.581604645,maple,13.0,0.0,False
POS43113,491612.9817189901,4881492.7002788205,maple,14.0,0.0,False
POS43114,491600.9009221623,4881497.315910173,maple,8.0,0.0,False
POS43115,491588.820122614,4881501.931641782,maple,11.0,0.0,False
POS43116,491550.4225591882,4881512.977668733,maple,10.0,0.0,False
POS43118,491524.93294131325,4881516.695784867,maple,7.0,0.0,False
POS43119,491513.4111706975,4881519.625261054,maple,14.0,0.0,False
POS43361,492211.6133057724,4882302.660515906,oak,18.0,0.0,False
POS43379,491443.901343587,4881546.187212655,maple,9.0,0.0,False
POS43380,491443.0304168797,4881563.189208219,oak,21.0,0.0,False
POS43381,491442.9431098198,4881583.1705515655,maple,13.0,0.0,False
POS43382,491446.60343824414,4881605.144260733,maple,15.0,0.0,False
POS43383,491472.57288592774,4881643.012985213,maple,13.0,0.0,False
POS43384,491482.4130829921,4881649.9779536305,maple,20.0,0.0,False
POS43385,491491.3755777639,4881655.434199561,maple,10.0,0.0,False
POS43386,491500.9480145344,4881660.038226266,oak,27.0,0.0,False
POS43387,491520.3267445474,4881671.570409605,oak,18.0,0.0,False
POS43389,491589.29094165127,4881711.305467117,oak,14.0,0.0,False
POS43390,491600.33404261025,4881717.28240806,oak,14.0,0.0,False
POS43391,491609.5171464908,4881722.701537398,oak,19.0,0.0,False
POS43392,491637.88681625633,4881739.79872295,oak,21.0,0.0,False
POS43394,491661.70779282256,4881760.880370346,oak,18.0,0.0,False
POS43395,491669.15443105984,4881769.236151008,oak,18.0,0.0,False
POS43396,491684.3693610576,4881791.532831991,maple,11.0,0.0,False
POS43397,491689.7244958739,4881802.353758478,maple,10.0,0.0,False
POS43398,491694.5278269142,4881812.705209383,maple,9.0,0.0,False
POS43399,491704.8417816962,4881864.405488057,maple,14.0,0.0,False
POS43400,491705.22125771985,4881875.010240763,maple,12.0,0.0,False
POS43401,491704.4587797757,4881885.337812756,maple,11.0,0.0,False
POS43402,491701.2048048287,4881906.287270597,maple,19.0,0.0,False
POS43403,491698.7014951665,4881914.761357718,maple,11.0,0.0,False
POS43404,491696.5318160303,4881923.8446128825,maple,14.0,0.0,False
POS43405,491693.2747525699,4881931.773696933,maple,14.0,0.0,False
POS43406,491689.0408175617,4881940.622752073,maple,14.0,0.0,False
POS43407,491684.743710836,4881948.693305405,maple,20.0,0.0,False
POS43408,491666.9905547822,4881985.8121702755,oak,18.0,0.0,False
POS43409,491662.6445793367,4881995.1551919505,oak,16.0,0.0,False
POS43410,491648.15638773644,4882025.32362769,maple,19.0,0.0,False
POS43411,491643.0358334336,4882036.2539701015,maple,16.0,0.0,False
POS43412,491638.3528593095,4882045.693937414,maple,18.0,0.0,False
POS43413,491633.7483008566,4882055.394849908,maple,13.0,0.0,False
POS43414,491629.7341600599,4882064.277862087,maple,13.0,0.0,False
POS43415,491625.41514834674,4882074.28240095,maple,8.0,0.0,False
POS43416,491621.06392199866,4882081.757124944,oak,16.0,0.0,False
POS43418,491591.78782636585,4882116.299100348,oak,15.0,0.0,False
POS43419,491582.2331086965,4882123.40125242,oak,17.0,0.0,False
POS43421,491564.2009234929,4882134.270030226,oak,11.0,0.0,False
POS43422,491555.1645301892,4882138.56328966,oak,14.0,0.0,False
POS43423,491544.9635260095,4882141.843978051,oak,19.0,0.0,False
POS43424,491536.20902786445,4882143.972603722,oak,14.0,0.0,False
POS43425,491518.4490529381,4882146.590132492,oak,20.0,0.0,False
POS43426,491496.8139446851,4882146.273573715,maple,14.0,0.0,False
POS43427,491486.0573517534,4882144.754285185,maple,17.0,0.0,False
POS43428,491475.4949734243,4882142.9899867885,maple,18.0,0.0,False
POS43429,491466.0924318414,4882140.176273919,oak,18.0,0.0,False
POS43430,491426.541076281,4882131.03104764,maple,17.0,0.0,False
POS43433,491385.4965344408,4882121.110055205,oak,20.0,0.0,False
POS43434,491374.74766036775,4882118.259571845,oak,24.0,0.0,False
POS43436,491354.4344287772,4882113.477168637,oak,20.0,0.0,False
POS43440,491332.2481617777,4882091.143008604,maple,15.0,0.0,False
POS43483,491373.65643792733,4882101.505658843,oak,19.0,0.0,False
POS43484,491382.6346608178,4882103.964501608,oak,18.0,0.0,False
POS43485,491390.96722999844,4882106.16997427,oak,24.0,0.0,False
POS43489,491428.08925719204,4882114.104685973,maple,16.0,0.0,False
POS43490,491472.23766149336,4882125.497027283,maple,16.0,0.0,False
POS43492,491503.26372808317,4882130.570593651,oak,16.0,0.0,False
POS43495,491535.03964887635,4882127.338062201,oak,16.0,0.0,False
POS43496,491545.1561715215,4882124.804068367,oak,22.0,0.0,False
POS43497,491554.95495617477,4882120.545157743,oak,15.0,0.0,False
POS43503,491544.249576439,4882064.307140513,maple,4.0,0.0,False
POS43504,491548.3131308911,4882058.85547451,maple,6.0,0.0,False
POS43505,491552.19374541956,4882050.19438179,maple,5.0,0.0,False
POS43511,491507.08801229927,4882025.721585834,maple,3.0,0.0,False
POS43512,491495.9713245414,4882029.429963065,maple,5.0,0.0,False
POS43513,491486.10794842924,4882035.474786748,oak,4.0,0.0,False
POS43516,491468.2428380511,4882066.91549285,oak,1.0,0.0,False
POS43517,491464.45649910875,4882088.745277591,maple,4.0,0.0,False
POS43522,491420.43673574127,4882204.481544061,maple,5.0,0.0,False
POS43523,491404.71522629727,4882219.532260233,oak,17.0,0.0,False
POS43524,491401.7255949955,4882223.0234285295,oak,416.0,0.0,False
POS43525,491395.33962880727,4882231.64446398,oak,22.0,0.0,False
POS43526,491390.01502927486,4882240.032763438,oak,19.0,0.0,False
POS43528,491411.01821319,4882278.157143294,maple,4.0,0.0,False
POS43529,491403.3822322062,4882274.933835073,maple,4.0,0.0,False
POS43535,491423.5688246481,4882179.331574275,maple,3.0,0.0,False
POS43536,491429.0986046551,4882167.307820143,maple,7.0,0.0,False
POS43537,491432.5367134992,4882154.205831883,maple,6.0,0.0,False
POS43538,491441.75383014936,4882111.450853499,sycamore,12.0,0.0,False
POS43539,491445.2496502153,4882102.598175187,sycamore,10.0,0.0,False
POS43540,491447.0067552885,4882093.232006036,sycamore,5.0,0.0,False
POS43541,491445.20668182825,4882082.374565951,sycamore,10.0,0.0,False
POS43542,491430.396063094,4882083.5946724275,sycamore,11.0,0.0,False
POS43543,491420.145928158,4882080.518664117,sycamore,11.0,0.0,False
POS43544,491416.24897822534,4882068.767438318,maple,4.0,0.0,False
POS43545,491422.62428028276,4882059.3543648,maple,4.0,0.0,False
POS43546,491426.660052182,4882057.166337652,oak,5.0,0.0,False
POS43547,491435.1313590682,4882057.973121546,oak,4.0,0.0,False
POS43548,491445.6746703824,4882066.690597825,maple,4.0,0.0,False
POS43549,491494.9768221217,4882014.327867356,oak,5.0,0.0,False
POS43550,491512.26874076336,4882010.411743308,oak,14.0,0.0,False
POS43551,491526.6335102481,4882011.763591327,maple,7.0,0.0,False
POS43554,491588.8659863466,4882039.752699285,maple,9.0,0.0,False
POS43555,491603.81464600336,4882046.293182424,maple,4.0,0.0,False
POS43556,491608.5460104151,4882048.650408961,maple,2.0,0.0,False
POS43557,491641.5019227764,4881960.978094544,oak,7.0,0.0,False
POS43558,491635.0891644088,4881957.114664426,oak,8.0,0.0,False
POS43559,491626.14352470206,4881952.665644416,maple,2.0,0.0,False
POS43560,491617.4642836536,4881949.550702116,maple,2.0,0.0,False
POS43561,491573.5962689882,4881942.937507608,oak,9.0,0.0,False
POS43582,492183.1521804505,4881663.488554155,maple,12.0,0.0,False
POS43583,492164.3289575727,4881663.187163806,maple,12.0,0.0,False
POS43584,492136.9982551581,4881662.979314517,maple,8.0,0.0,False
POS43586,492127.30614630674,4881659.131918531,dogwood,2.0,0.0,False
POS43587,492119.97745060874,4881651.710067319,maple,10.0,0.0,False
POS43589,492115.1299389781,4881608.539659766,maple,14.0,0.0,False
POS43591,492114.3101436399,4881556.477534637,maple,14.0,0.0,False
POS43592,492114.6939069476,4881545.8355475655,maple,12.0,0.0,False
POS43595,492101.5125473396,4881520.003038546,dogwood,3.0,0.0,False
POS43596,491554.5515038068,4881939.795775788,oak,15.0,0.0,False
POS43597,491530.75470766873,4881933.394082357,oak,20.0,0.0,False
POS43598,491522.1106036793,4881931.812823379,maple,5.0,0.0,False
POS43599,491500.72733421886,4881930.563057918,maple,5.0,0.0,False
POS43600,491494.3722388485,4881931.59725571,maple,5.0,0.0,False
POS43601,491486.08396066766,4881932.471967571,maple,5.0,0.0,False
POS43602,491477.852077204,4881934.8784952825,maple,5.0,0.0,False
POS43603,491443.30793339235,4881954.806092612,oak,7.0,0.0,False
POS43604,491434.82843981386,4881963.949177489,maple,5.0,0.0,False
POS43609,491346.63719167706,4882017.694985501,maple,2.0,0.0,False
POS43610,491333.09184970154,4882021.215797846,maple,2.0,0.0,False
POS43620,491385.9055149211,4881520.827660003,sycamore,11.0,0.0,False
POS43621,491393.80974734796,4881521.945231414,sycamore,11.0,0.0,False
POS43624,491463.93243132165,4881523.972802048,maple,9.0,0.0,False
POS43625,491474.04462544655,4881522.941708068,oak,8.0,0.0,False
POS43626,491488.07975804096,4881522.47868061,oak,12.0,0.0,False
POS43627,491499.38460434397,4881520.769758588,oak,10.0,0.0,False
POS43654,492177.1090253926,4881530.6438660715,maple,11.0,0.0,False
POS43655,492149.78487211576,4881530.410610244,maple,9.0,0.0,False
POS43657,492125.6819350969,4881556.663970891,maple,12.0,0.0,False
POS43658,492125.815912855,4881575.006079115,pine,2.0,0.0,False
POS43662,492190.74595775455,4881641.671869095,maple,7.0,0.0,False
POS43663,492190.7239269962,4881627.872605501,maple,12.0,0.0,False
POS43664,492190.0312063954,4881595.828521835,maple,10.0,0.0,False
POS43665,492190.30672759825,4881577.87224276,maple,5.0,0.0,False
POS43666,492190.9873955144,4881558.430119189,maple,9.0,0.0,False
POS43667,492188.8430284826,4881548.152601129,maple,8.0,0.0,False
POS43668,492186.0891735947,4881540.035744173,maple,8.0,0.0,False
POS43669,492189.3534698885,4881516.747427676,oak,22.0,0.0,False
POS43670,492191.3593284805,4881513.509709655,oak,20.0,0.0,False
POS43674,492196.8935674481,4881537.453589269,maple,12.0,0.0,False
POS43677,492202.07308881165,4881602.34949684,maple,13.0,0.0,False
POS43678,492203.13579539856,4881627.809174184,maple,6.0,0.0,False
POS43679,492202.6532019219,4881641.0726678865,maple,8.0,0.0,False
POS43680,492210.9449726424,4881651.126717257,maple,6.0,0.0,False
POS43903,492180.39179691626,4881465.905264851,oak,15.0,0.0,False
POS43904,492170.1924629158,4881459.0990631245,oak,9.0,0.0,False
POS43905,492165.2004693964,4881454.805505115,oak,10.0,0.0,False
POS43906,492158.72165002354,4881448.598136974,oak,12.0,0.0,False
POS43907,492140.5430473417,4881425.950275341,oak,10.0,0.0,False
POS43908,492137.1543978547,4881419.67251576,oak,9.0,0.0,False
POS43909,492133.751201686,4881413.882233129,oak,8.0,0.0,False
POS43910,492130.7904001654,4881406.886023966,oak,10.0,0.0,False
POS43911,492125.21447588596,4881394.93546689,oak,7.0,0.0,False
POS43912,492120.93405195477,4881385.867932846,oak,9.0,0.0,False
POS43913,492116.2450532944,4881376.869608415,oak,9.0,0.0,False
POS43916,492081.78468194173,4881284.331392723,oak,12.0,0.0,False
POS43917,492189.24742340995,4881486.872890279,oak,14.0,0.0,False
POS43918,492183.88856676605,4881484.049018346,oak,23.0,0.0,False
POS43924,492121.78036147455,4881415.255156349,maple,14.0,0.0,False
POS43925,492117.68021852826,4881405.172979261,oak,22.0,0.0,False
POS43926,492114.40909532417,4881398.358214242,oak,20.0,0.0,False
POS43927,492110.0085051395,4881390.583024137,maple,15.0,0.0,False
POS43928,492106.06389917206,4881383.053346005,maple,14.0,0.0,False
POS43931,492075.7401585094,4881335.822611367,maple,20.0,0.0,False
POS43932,492072.54004476586,4881330.515598979,maple,15.0,0.0,False
POS43933,492069.2619152835,4881323.932229234,maple,18.0,0.0,False
POS43934,492066.24256638816,4881296.957411632,maple,11.0,0.0,False
POS43935,492066.5738337751,4881290.286442663,maple,13.0,0.0,False
POS43936,492068.52495175146,4881282.539284598,maple,18.0,0.0,False
POS43937,492074.7275242943,4881268.851851263,oak,30.0,0.0,False
POS43938,492083.4887111383,4881258.574144955,maple,18.0,0.0,False
POS43939,492089.44693189504,4881252.961406824,maple,8.0,0.0,False
POS43941,492090.9911799296,4881271.074406067,oak,14.0,0.0,False
POS43942,492086.1690349882,4881277.416060993,oak,12.0,0.0,False
POS43943,492082.92626762274,4881283.468137419,oak,14.0,0.0,False
POS44553,492203.52095212427,4882307.224839657,oak,25.0,0.0,False
POS47855,490237.3193178472,4880846.143508977,pine,19.0,0.0,False
POS47856,490239.6746021833,4880838.137810696,pine,15.0,0.0,False
POS47858,490247.1449054641,4880812.706856588,douglas_fir,24.0,0.0,False
POS47860,490253.9531405647,4880791.478806624,oak,18.0,0.0,False
POS47861,490256.36644649855,4880783.957390003,oak,17.0,0.0,False
POS47862,490259.04865615204,4880774.443679983,oak,14.0,0.0,False
POS47863,490270.1614061593,4880738.145135417,oak,22.0,0.0,False
POS47864,490275.67586595047,4880719.3036915455,oak,22.0,0.0,False
POS48173,490470.438358043,4880647.032938814,maple,30.0,0.0,False
POS48174,490367.96664536785,4880660.250658778,oak,48.0,0.0,False
POS48175,490360.45254983014,4880659.805160855,oak,47.0,0.0,False
POS48177,490385.30962888524,4880758.038319661,maple,25.0,0.0,False
POS48178,490406.57166538807,4880757.256965307,maple,30.0,0.0,False
POS48229,491084.5842510122,4880647.511742081,oak,1.0,0.0,False
POS48230,491086.8672229376,4880727.310633276,oak,1.0,0.0,False
POS48231,491079.2998012516,4880713.171793336,oak,1.0,0.0,False
POS48267,490273.43958928983,4880806.098404351,maple,10.0,0.0,False
POS48268,490275.09053029644,4880800.365914871,maple,8.0,0.0,False
POS48269,490276.43294122163,4880795.835103457,maple,11.0,0.0,False
POS48270,490278.6405796129,4880788.314335185,maple,10.0,0.0,False
POS48271,490281.69938990555,4880778.271356469,maple,10.0,0.0,False
POS48776,491053.1707229919,4882001.999870972,maple,12.0,0.0,False
POS48777,491047.15424606524,4881992.9288628725,oak,16.0,0.0,False
POS48779,491025.5903696383,4881907.602323357,maple,16.0,0.0,False
POS48780,491026.9602174065,4881896.400852786,oak,14.0,0.0,False
POS48783,491037.65478876355,4881861.757994164,oak,18.0,0.0,False
POS48784,491049.25284327794,4881839.383058058,oak,11.0,0.0,False
POS48785,491055.19512330147,4881828.354817413,oak,14.0,0.0,False
POS48788,491091.1714395906,4881764.963056996,maple,10.0,0.0,False
POS48791,491119.9386362179,4881670.709604778,maple,8.0,0.0,False
POS48792,491121.49771154765,4881592.044865935,oak,16.0,0.0,False
POS48793,491121.3577293634,4881584.644023103,oak,12.0,0.0,False
POS48794,491121.7584779307,4881577.259314424,oak,16.0,0.0,False
POS48795,491122.69577387546,4881524.001280091,oak,26.0,0.0,False
POS48796,491140.1426472579,4881505.283824149,maple,13.0,0.0,False
POS48800,491155.97601674474,4881479.507065136,green_ash,14.0,0.0,False
POS48801,491160.8130413048,4881474.599977762,green_ash,15.0,0.0,False
POS48804,491182.80659808795,4881434.4739946,maple,15.0,0.0,False
POS48805,491173.7109054236,4881442.882394326,maple,11.0,0.0,False
POS48806,491165.6475823093,4881450.659182935,maple,9.0,0.0,False
POS49006,491231.94383391313,4882158.632189352,maple,5.0,0.0,False
POS49007,491227.1270708863,4882171.135331514,maple,5.0,0.0,False
POS49008,491222.742141233,4882183.141647766,maple,3.0,0.0,False
POS49010,491006.7556800929,4881973.972485183,maple,7.0,0.0,False
POS49011,490985.7234433497,4881983.155245744,maple,8.0,0.0,False
POS49013,490974.79387696926,4881987.727840004,maple,9.0,0.0,False
POS49014,490961.4482552543,4881992.944060952,maple,9.0,0.0,False
POS49017,490952.60607667785,4881997.307432253,maple,8.0,0.0,False
POS49018,490946.243050897,4882014.540849122,maple,6.0,0.0,False
POS49021,490919.4147411961,4882026.074826743,maple,6.0,0.0,False
POS49096,491106.18597943336,4881681.972413837,maple,4.0,0.0,False
POS49103,491054.39574086847,4881795.518647361,maple,13.0,0.0,False
POS49104,491043.25592468097,4881816.934037193,oak,18.0,0.0,False
POS49105,491036.7931845723,4881828.955971091,oak,15.0,0.0,False
POS49106,491030.5483246462,4881840.325191393,oak,13.0,0.0,False
POS49110,491010.02571814705,4881911.829112971,oak,20.0,0.0,False
POS49111,491009.8218355375,4881924.410101832,oak,21.0,0.0,False
POS49112,491009.62762464216,4881935.477146195,oak,15.0,0.0,False
POS49113,491011.6298082222,4881946.003012269,maple,14.0,0.0,False
POS49115,491033.887631722,4882002.733136839,maple,14.0,0.0,False
POS49116,491041.0632105439,4882012.398141349,maple,13.0,0.0,False
POS49118,491073.2549213883,4882044.280527177,oak,20.0,0.0,False
POS49119,491084.5807626185,4882051.355607996,oak,15.0,0.0,False
POS49120,491096.1860553037,4882057.111998981,maple,9.0,0.0,False
POS49121,491118.59631439665,4882065.6120382175,maple,14.0,0.0,False
POS49122,491131.56733653677,4882069.049130308,oak,5.0,0.0,False
POS49124,491155.3635212087,4882072.961026184,oak,8.0,0.0,False
POS49125,491171.8847550859,4882075.867336956,maple,13.0,0.0,False
POS49127,491214.44690269534,4882083.195535303,maple,18.0,0.0,False
POS49128,491226.7378418607,4882085.374711745,maple,10.0,0.0,False
POS49129,491237.5267328659,4882086.937758155,maple,14.0,0.0,False
POS49130,491249.8991859159,4882089.471774968,oak,18.0,0.0,False
POS49217,491296.28846690693,4882082.614673976,maple,12.0,0.0,False
POS49218,491303.4169237234,4882084.400808205,oak,21.0,0.0,False
POS49219,491312.6451622355,4882086.31639791,oak,20.0,0.0,False
POS49220,491257.7814278615,4882074.521645087,oak,17.0,0.0,False
POS49221,491245.79278555437,4882072.466790024,oak,22.0,0.0,False
POS49222,491234.34530815936,4882070.276079434,maple,14.0,0.0,False
POS49223,491213.2679260463,4882066.694507871,maple,14.0,0.0,False
POS49224,491178.9264766298,4882060.846824441,oak,16.0,0.0,False
POS49225,491166.10064498225,4882058.811092591,maple,15.0,0.0,False
POS49226,491138.9533952874,4882054.074491777,maple,16.0,0.0,False
POS49227,491115.3363334943,4882047.805791003,oak,24.0,0.0,False
POS49228,491103.7914154525,4882043.216625578,oak,22.0,0.0,False
POS49232,490409.0117702982,4881732.690120556,maple,9.0,0.0,False
POS49234,490403.45852302853,4881723.956343086,oregon_ash,2.0,0.0,False
POS49236,490239.3651677421,4881791.330474854,douglas_fir,17.0,0.0,False
POS49237,490243.34710018884,4881790.822864617,douglas_fir,14.0,0.0,False
POS49240,490244.2156712189,4881782.706499208,douglas_fir,13.0,0.0,False
POS49241,490244.06928920187,4881780.614285666,douglas_fir,16.0,0.0,False
POS49242,490243.9353527735,4881778.104934209,douglas_fir,13.0,0.0,False
POS49243,490244.0287021517,4881774.976150115,douglas_fir,20.0,0.0,False
POS49245,490373.0836620431,4882192.662233087,douglas_fir,16.0,0.0,False
POS49248,490399.5938244514,4881999.170156304,douglas_fir,22.0,0.0,False
POS49249,490397.7751980254,4882011.457161098,douglas_fir,22.0,0.0,False
POS49250,490375.2960476994,4882028.546554952,douglas_fir,40.0,0.0,False
POS49254,491272.3413431571,4882132.170194918,maple,3.0,0.0,False
POS49255,491263.5209893474,4882144.613178707,maple,2.0,0.0,False
POS49256,491256.05198189866,4882132.519367545,maple,8.0,0.0,False
POS49257,491247.3264952062,4882140.690392516,maple,7.0,0.0,False
POS49258,491240.7676209507,4882144.5491732005,maple,5.0,0.0,False
POS49259,491321.59713781084,4881505.033077858,maple,4.0,0.0,False
POS49261,491291.16206870263,4881492.585081837,maple,3.0,0.0,False
POS49262,491285.2271276342,4881489.800233662,maple,5.0,0.0,False
POS49263,491279.28621205455,4881487.215611828,maple,5.0,0.0,False
POS49264,491227.4183640067,4881457.383120628,maple,4.0,0.0,False
POS49274,491113.1675452203,4881302.0210015215,oak,18.0,0.0,False
POS49275,491103.3410545777,4881280.533207156,oak,16.0,0.0,False
POS49276,491097.1215720385,4881265.7274905685,oak,16.0,0.0,False
POS49277,491091.400000597,4881251.6289462745,oak,18.0,0.0,False
POS49278,491082.57977255504,4881231.208898596,oak,20.0,0.0,False
POS49311,490884.782390799,4882017.652633407,maple,7.0,0.0,False
POS49313,490847.27943161334,4882001.9288374195,maple,9.0,0.0,False
POS49314,490852.23051918676,4881986.324425796,maple,6.0,0.0,False
POS49315,490841.11115622846,4881995.381257206,maple,8.0,0.0,False
POS49316,490822.941219003,4881975.018492846,maple,10.0,0.0,False
POS49317,490838.41479222133,4881970.36846967,maple,5.0,0.0,False
POS49320,490828.2843664305,4881960.260295728,maple,6.0,0.0,False
POS49321,490814.6400416318,4881945.561180432,maple,10.0,0.0,False
POS49329,490821.5947392989,4881918.750104235,maple,8.0,0.0,False
POS49330,490837.69207195233,4881896.697113864,maple,8.0,0.0,False
POS49331,490840.9140498577,4881911.085258502,maple,7.0,0.0,False
POS49332,490856.2493077572,4881907.578633376,maple,11.0,0.0,False
POS49333,490866.59562110703,4881892.969414861,maple,12.0,0.0,False
POS49334,490871.30773285974,4881906.358698666,maple,9.0,0.0,False
POS49335,490874.5479375184,4881892.163567352,maple,14.0,0.0,False
POS49342,490933.6060925578,4881926.682313968,oak,24.0,0.0,False
POS49354,490915.65094533487,4881739.636202801,oak,5.0,0.0,False
POS49355,490922.0035700012,4881736.539875952,maple,17.0,0.0,False
POS49358,490979.96166214056,4881750.937778744,maple,12.0,0.0,False
POS49359,490986.98512186407,4881750.528727964,maple,4.0,0.0,False
POS49360,491000.1710737464,4881750.922164866,maple,7.0,0.0,False
POS49361,491007.9508021556,4881752.80382972,maple,4.0,0.0,False
POS49362,491007.44604027685,4881740.501997731,maple,13.0,0.0,False
POS49366,491034.36357301986,4881707.297001553,maple,14.0,0.0,False
POS49367,491037.73614597204,4881749.774468126,maple,6.0,0.0,False
POS49368,491028.2404924642,4881763.926157935,maple,5.0,0.0,False
POS49369,491021.7397965367,4881774.455128357,maple,6.0,0.0,False
POS49370,491012.30081837013,4881762.522635154,maple,3.0,0.0,False
POS49371,491003.36323395075,4881782.155596751,maple,5.0,0.0,False
POS49373,491040.08561486274,4881767.785066065,maple,5.0,0.0,False
POS49374,491052.8748667611,4881774.559508674,maple,2.0,0.0,False
POS49375,491064.0905308672,4881764.517730492,maple,14.0,0.0,False
POS49376,491095.11080559326,4881779.981926739,oak,18.0,0.0,False
POS49377,491105.41728650377,4881786.334582648,maple,2.0,0.0,False
POS49380,491176.56214920664,4881737.157970751,maple,2.0,0.0,False
POS49381,491168.2685718026,4881748.180474307,oak,20.0,0.0,False
POS49382,491157.03886476357,4881750.375319057,oak,20.0,0.0,False
POS49394,491248.63170022133,4881809.9232425755,oak,5.0,0.0,False
POS49395,491239.8424787212,4881806.76042455,oak,8.0,0.0,False
POS49397,491207.97656436043,4881811.429627483,maple,12.0,0.0,False
POS49404,491187.59225139755,4881932.561742783,maple,2.0,0.0,False
POS49405,491187.4962434806,4881926.666650986,maple,2.0,0.0,False
POS49411,491119.4930233034,4881994.07416781,sycamore,8.0,0.0,False
POS49412,491109.67668037623,4882001.033024673,sycamore,11.0,0.0,False
POS49413,491068.8116321957,4881964.007734591,oak,9.0,0.0,False
POS49415,491048.67210144864,4881973.650037514,oak,10.0,0.0,False
POS49428,491343.7253891,4881511.141074777,maple,6.0,0.0,False
POS51843,491261.79016045737,4882469.38182497,maple,24.0,0.0,False
POS53233,491166.2260500117,4882397.424182348,maple,28.0,0.0,False
POS53234,491166.4205745684,4882399.149521592,maple,95.0,0.0,False
POS53243,491162.3778700386,4882397.028755131,maple,29.0,0.0,False
POS53244,491163.394530854,4882399.4103380395,maple,10.0,0.0,False
POS53245,491158.08329715295,4882399.813373631,maple,16.0,0.0,False
POS53247,491157.73582189955,4882406.176835537,maple,13.0,0.0,False
POS53248,491156.4652897837,4882407.407051413,maple,14.0,0.0,False
POS53249,491151.530298557,4882405.58686786,maple,17.0,0.0,False
POS53250,491150.66342240246,4882407.841048575,maple,18.0,0.0,False
POS53252,491194.45175974624,4882411.3820456,maple,12.0,0.0,False
POS53253,491191.5835649882,4882411.500568723,maple,12.0,0.0,False
POS53254,491191.38187670463,4882412.81047753,maple,29.0,0.0,False
POS53255,491191.276873866,4882415.009089236,maple,19.0,0.0,False
POS53256,491201.5205545351,4882414.470422488,maple,19.0,0.0,False
POS53258,491201.6566109045,4882406.659623152,maple,18.0,0.0,False
POS53261,491204.1193829518,4882405.06357328,maple,17.0,0.0,False
POS53262,491205.74469827063,4882417.216715617,maple,22.0,0.0,False
POS53263,491205.5650987664,4882419.039793893,maple,14.0,0.0,False
POS53264,491209.9967592964,4882420.887460531,maple,9.0,0.0,False
POS53265,491259.9273742448,4882469.949855552,maple,9.0,0.0,False
POS53266,491259.0987476321,4882471.58906449,maple,16.0,0.0,False
POS53267,491217.0381771057,4882421.24356526,oregon_ash,11.0,0.0,False
POS53268,491217.2940997104,4882420.586087966,oregon_ash,8.0,0.0,False
POS53269,491221.73372854,4882417.330488799,maple,32.0,0.0,False
POS53270,491218.5830763187,4882417.303280971,maple,12.0,0.0,False
POS53271,491221.4680247213,4882415.631226351,maple,19.0,0.0,False
POS53272,491209.99259717204,4882424.740414601,maple,11.0,0.0,False
POS53273,491208.92380027426,4882425.537240686,maple,7.0,0.0,False
POS53274,491208.55253174505,4882426.306778632,maple,16.0,0.0,False
POS53275,491208.85327857465,4882427.096368158,maple,14.0,0.0,False
POS53276,491209.8119845144,4882427.569383026,maple,7.0,0.0,False
POS53279,491236.2043597179,4882435.102215907,maple,15.0,0.0,False
POS53281,491238.2941107888,4882433.56023747,maple,36.0,0.0,False
POS53282,491242.2598277403,4882429.443380851,maple,32.0,0.0,False
POS53283,491240.48105551524,4882441.241846019,maple,14.0,0.0,False
POS53284,491243.47691269574,4882443.64498345,maple,40.0,0.0,False
POS53285,491244.0172199693,4882444.7008262295,maple,16.0,0.0,False
POS53286,491243.2798224888,4882446.778166223,maple,21.0,0.0,False
POS53287,491243.69398555486,4882452.048230449,maple,23.0,0.0,False
POS53291,491257.14745442383,4882482.969172269,maple,6.0,0.0,False
POS53292,491259.7383626465,4882481.5127491215,maple,18.0,0.0,False
POS53293,491263.72788218246,4882481.390783952,maple,21.0,0.0,False
POS53294,491259.1089999165,4882486.927079594,oregon_ash,4.0,0.0,False
POS53295,491265.3189915654,4882486.150654582,maple,20.0,0.0,False
POS53296,491254.2228353197,4882490.2070547715,maple,19.0,0.0,False
POS53297,491262.28628095106,4882491.585075483,maple,7.0,0.0,False
POS53298,491260.92410432216,4882492.310646147,maple,12.0,0.0,False
POS53299,491261.67280296463,4882493.346806293,maple,14.0,0.0,False
POS53300,491269.6888840823,4882496.523350082,maple,9.0,0.0,False
POS53301,491270.70570915786,4882498.165422643,maple,13.0,0.0,False
POS53302,491267.63024930074,4882500.179599057,maple,9.0,0.0,False
POS53303,491270.37718952325,4882502.211101764,maple,17.0,0.0,False
POS53304,491261.0734580376,4882502.115399688,maple,14.0,0.0,False
POS53305,491259.58444808045,4882504.098811228,maple,17.0,0.0,False
POS53306,491259.7932470583,4882504.936858104,maple,8.0,0.0,False
POS53307,491262.44806438626,4882504.834169144,maple,13.0,0.0,False
POS53308,491264.13979431137,4882505.638662297,maple,6.0,0.0,False
POS53309,491265.35113667237,4882505.986612718,maple,7.0,0.0,False
POS53311,491266.13993509545,4882510.950748193,maple,4.0,0.0,False
POS53312,491267.1719522597,4882511.125144516,maple,10.0,0.0,False
POS53313,491213.6490960843,4882414.738711731,oregon_ash,7.0,0.0,False
POS53314,491210.2857964127,4882414.035945387,oregon_ash,5.0,0.0,False
POS53316,491209.5020663301,4882408.637151127,maple,4.0,0.0,False
POS53317,491213.00363772875,4882408.714230415,maple,17.0,0.0,False
POS53318,491175.1627199378,4882552.857665169,maple,26.0,0.0,False
POS53319,491175.51604512776,4882551.466179621,maple,9.0,0.0,False
POS53320,491181.01996366563,4882550.788888019,maple,28.0,0.0,False
POS53321,491182.55586416053,4882551.520529741,maple,14.0,0.0,False
POS53322,491183.24695860903,4882550.294525623,maple,9.0,0.0,False
POS53323,491183.40209992265,4882549.27103416,maple,10.0,0.0,False
POS53325,491251.7384048906,4882462.704070973,maple,21.0,0.0,False
POS53326,491254.47814531706,4882463.522334457,maple,18.0,0.0,False
POS53327,491258.6743003173,4882461.411894549,maple,14.0,0.0,False
POS53328,491259.83654876717,4882464.279931071,maple,14.0,0.0,False
POS53329,491252.27854701324,4882465.796449915,maple,12.0,0.0,False
POS53335,491186.2294670319,4882551.630142293,maple,6.0,0.0,False
POS53337,491189.5361027637,4882548.363438081,maple,4.0,0.0,False
POS53338,491189.82603587327,4882544.913819927,maple,16.0,0.0,False
POS53339,491195.1459356057,4882550.400461135,maple,12.0,0.0,False
POS53340,491194.2983345949,4882547.477412563,maple,6.0,0.0,False
POS53341,491201.93918175227,4882546.649778477,maple,16.0,0.0,False
POS53342,491199.98166683456,4882546.310464661,maple,12.0,0.0,False
POS53343,491200.75917953503,4882545.620149764,maple,3.0,0.0,False
POS53344,491207.66711196094,4882544.507641869,maple,38.0,0.0,False
POS53346,491214.0043324283,4882542.232182289,maple,18.0,0.0,False
POS53347,491215.4431987189,4882542.556020751,maple,10.0,0.0,False
POS53355,491346.662232352,4882483.358786466,maple,11.0,0.0,False
POS53405,491257.6790215394,4882472.118514107,maple,8.0,0.0,False
POS53406,491246.3659631044,4882468.791493844,maple,10.0,0.0,False
POS53407,491247.6064395128,4882472.519981766,maple,13.0,0.0,False
POS53408,491247.15932714316,4882473.572462298,maple,12.0,0.0,False
POS53409,491247.4553537712,4882474.101305651,maple,12.0,0.0,False
POS53410,491247.73942008166,4882477.64515295,maple,15.0,0.0,False
POS53411,491251.5063831622,4882481.214921561,maple,10.0,0.0,False
POS53412,491258.3338375747,4882476.3245370155,maple,20.0,0.0,False
POS53489,491251.71700788476,4882496.456812977,maple,40.0,0.0,False
POS53491,491186.9142489118,4882412.952478358,maple,36.0,0.0,False
POS53493,491248.55914941576,4882485.7385747135,oregon_ash,12.0,0.0,False
POS53494,491244.969704519,4882484.370247227,maple,10.0,0.0,False
POS53496,491243.48732799146,4882478.975908161,maple,16.0,0.0,False
POS53499,491248.5776277239,4882485.4142195275,oregon_ash,12.0,0.0,False
POS53500,491244.8732919231,4882484.05556418,maple,10.0,0.0,False
POS53502,491243.321299923,4882478.547745668,maple,16.0,0.0,False
POS55019,490361.3112285646,4882027.672395104,pine,24.0,0.0,False
POS55020,490400.0332566395,4881990.602382483,douglas_fir,20.0,0.0,False
POS55021,490399.2927866967,4881974.589645064,douglas_fir,30.0,0.0,False
POS55022,490399.3449106516,4881967.737952287,douglas_fir,20.0,0.0,False
POS55206,492107.7318259227,4880899.5656796545,maple,10.0,0.0,False
POS55427,490445.12275410356,4881245.316094371,oregon_ash,10.0,0.0,False
POS55429,490456.8016094015,4881251.500585121,pine,3.0,0.0,False
POS55435,490441.7719230148,4881339.095105804,maple,8.0,0.0,False
POS55436,490442.36178328947,4881343.655210342,maple,11.0,0.0,False
POS55437,490434.7684235678,4881345.803107833,douglas_fir,23.0,0.0,False
POS55786,491318.11888731876,4882210.692332622,oak,6.0,0.0,False
POS55795,490943.2701012,4882596.400761012,western_hemlock,13.0,0.0,False
POS56578,492082.9562099347,4880872.672731597,maple,69.0,0.0,False
POS57067,491449.67724836053,4881498.380075682,oak,50.0,0.0,False
POS57068,491453.26927460055,4881498.5930598155,oak,39.0,0.0,False
POS57069,491456.34527935873,4881498.367336933,oak,34.0,0.0,False
POS57070,491419.12101885356,4881497.362513499,oak,356.0,0.0,False
POS57071,491425.13254575856,4881497.647692176,oak,39.0,0.0,False
POS57072,491410.9766856903,4881497.250200107,oak,43.0,0.0,False
POS57412,491302.1071373996,4882100.948977085,oak,24.0,0.0,False
POS57413,491293.187758921,4882098.6729957545,maple,17.0,0.0,False
POS59397,491063.46146682167,4880678.672768073,oak,1.0,0.0,False
POS59607,491058.73008022294,4880632.806258364,oak,1.0,0.0,False
POS62336,491657.4046593989,4882006.352378953,maple,5.0,0.0,False
POS62340,491466.3835205859,4882072.759638134,oak,3.0,0.0,False
POS62341,491464.97814525483,4882080.171161259,oak,8.0,0.0,False
POS62343,492139.2858162991,4881519.419272728,maple,13.0,0.0,False
POS62553,491070.40321046184,4882021.106346224,maple,7.0,0.0,False
POS62554,491060.9950476532,4882011.536429739,maple,9.0,0.0,False
POS62557,491292.9483491107,4882218.119657627,oak,5.0,0.0,False
POS62560,491077.2368875577,4882026.819665208,maple,8.0,0.0,False
POS62837,491070.521942955,4880695.460448607,oak,1.0,0.0,False
POS62838,491089.1381680882,4880659.191608612,oak,1.0,0.0,False
POS62845,491161.7411795624,4880625.65626222,oak,1.0,0.0,False
POS62866,491255.1440478942,4880731.627902971,oak,1.0,0.0,False
POS62921,491035.96378365526,4880830.235437271,maple,15.0,0.0,False
POS62923,491119.0830314732,4881193.142265395,green_ash,18.0,0.0,False
POS62924,491128.21215022623,4881193.483961976,green_ash,17.0,0.0,False
POS62925,491137.00730262266,4881193.415384474,green_ash,17.0,0.0,False
POS62926,491144.8684675107,4881193.546744103,green_ash,13.0,0.0,False
POS62927,491154.09645141655,4881193.433880501,green_ash,15.0,0.0,False
POS62928,491163.2970050902,4881192.825987066,green_ash,17.0,0.0,False
POS62929,491171.6053732708,4881192.72968529,green_ash,15.0,0.0,False
POS62930,491181.122974159,4881192.934871209,green_ash,15.0,0.0,False
POS62931,491190.3887705419,4881192.627232122,green_ash,15.0,0.0,False
POS62932,491199.14984766365,4881192.29973321,green_ash,15.0,0.0,False
POS62939,491122.6975456818,4881257.986228106,maple,55.0,0.0,False
POS62940,491129.0530258603,4881273.385316937,maple,50.0,0.0,False
POS62941,491540.5660078972,4881702.117891089,maple,8.0,0.0,False
POS62942,491523.0491793178,4881691.85729183,maple,9.0,0.0,False
POS62943,491655.0933402696,4881753.953352254,maple,2.0,0.0,False
POS62944,491558.9787572991,4881712.123718003,oak,12.0,0.0,False
POS62947,491580.174133459,4882034.567038266,maple,15.0,0.0,False
POS62948,491565.81519925274,4882055.554436736,maple,8.0,0.0,False
POS62949,491560.35746326484,4882069.148374964,maple,8.0,0.0,False
POS62952,491514.1432926296,4882090.580377642,maple,8.0,0.0,False
POS62955,491512.7620552457,4882076.082457594,maple,8.0,0.0,False
POS62956,491520.2388061071,4882072.0643654205,green_ash,5.0,0.0,False
POS62957,491526.3441237355,4882072.024536415,maple,8.0,0.0,False
POS62958,491518.56369503227,4882009.915062905,maple,11.0,0.0,False
POS62960,491467.1737234869,4882036.192740508,maple,8.0,0.0,False
POS62961,491450.1444223034,4882150.152625791,green_ash,8.0,0.0,False
POS62962,491446.9614206439,4882166.817100473,green_ash,7.0,0.0,False
POS62963,491442.569075787,4882173.883689491,green_ash,7.0,0.0,False
POS62966,491373.56912626245,4882240.329759366,maple,2.0,0.0,False
POS62967,491420.3020604957,4882266.586114888,maple,10.0,0.0,False
POS62968,491429.1111313267,4882271.281856547,maple,8.0,0.0,False
POS62969,491454.4615003455,4882282.909800696,oak,11.0,0.0,False
POS62970,491458.5432754031,4882284.723230214,oak,8.0,0.0,False
POS62971,491472.1883328928,4882293.47795258,maple,7.0,0.0,False
POS62972,491493.5972057774,4882310.411600982,green_ash,10.0,0.0,False
POS62975,491372.4387555022,4882258.241502898,green_ash,7.0,0.0,False
POS62976,491354.91570441605,4882250.502593394,green_ash,8.0,0.0,False
POS62977,491340.08787780383,4882240.572858392,green_ash,9.0,0.0,False
POS62978,491273.6120083006,4882210.0874404255,green_ash,6.0,0.0,False
POS62979,491268.3485183313,4882207.740741794,green_ash,6.0,0.0,False
POS62986,491356.3565493851,4882152.304437021,maple,11.0,0.0,False
POS62987,491323.92855465814,4882217.7724271305,green_ash,9.0,0.0,False
POS62988,491342.83402264334,4882226.306100742,green_ash,10.0,0.0,False
POS62989,491615.2573277464,4881915.561318951,oak,8.0,0.0,False
POS62990,491452.02181802137,4881916.563074951,dogwood,2.0,0.0,False
POS62991,491380.2940926313,4881989.375829415,maple,11.0,0.0,False
POS62992,491375.5747806448,4881981.73825175,maple,11.0,0.0,False
POS62994,491352.8280978522,4882002.677987937,maple,9.0,0.0,False
POS62996,491314.1000250161,4882012.951748755,green_ash,6.0,0.0,False
POS63001,491284.4239069522,4882039.36084562,maple,4.0,0.0,False
POS63002,491292.71200976777,4882055.718490685,oak,7.0,0.0,False
POS63003,491290.7764852584,4882064.220619671,oak,6.0,0.0,False
POS63004,491289.822822861,4882073.743566556,oak,9.0,0.0,False
POS63005,491276.1806902726,4882056.917260946,green_ash,8.0,0.0,False
POS63006,491278.8414319725,4882050.2215088485,green_ash,7.0,0.0,False
POS63007,490879.048980809,4882015.35301875,maple,10.0,0.0,False
POS63008,490873.2443198777,4882010.011813156,maple,10.0,0.0,False
POS63009,490865.30061778455,4882000.132388659,maple,10.0,0.0,False
POS63010,490835.0070077375,4881986.587242054,maple,11.0,0.0,False
POS63011,490754.7606225555,4881908.472993707,maple,10.0,0.0,False
POS63013,490893.6691186542,4881885.220228013,maple,7.0,0.0,False
POS63014,490897.09977525467,4881881.684910488,maple,3.0,0.0,False
POS63015,490899.04271762405,4881878.852819827,maple,12.0,0.0,False
POS63020,490911.17457545636,4881844.824452829,green_ash,12.0,0.0,False
POS63022,491028.0941631066,4881729.476531909,maple,9.0,0.0,False
POS63023,491039.8182505433,4881745.402095521,dogwood,4.0,0.0,False
POS63025,491099.94734474574,4881802.677333308,oak,21.0,0.0,False
POS63027,491134.1886264436,4881796.214556652,maple,4.0,0.0,False
POS63030,491251.73670217936,4881796.184387602,green_ash,4.0,0.0,False
POS63032,491304.19729463063,4881841.980687855,oak,19.0,0.0,False
POS63033,491298.55150346016,4881856.30714224,oak,20.0,0.0,False
POS63034,491161.21685331466,4881333.032582977,oak,26.0,0.0,False
POS63035,491182.8395980276,4881365.949408841,oak,19.0,0.0,False
POS63036,491186.4975195386,4881371.508279772,oak,20.0,0.0,False
POS63037,491203.1647980469,4881390.424223877,oak,18.0,0.0,False
POS63038,491210.26209576364,4881398.841982609,oak,26.0,0.0,False
POS63039,491341.25726076105,4881483.256099589,oak,23.0,0.0,False
POS63040,491349.94701475516,4881485.797940854,oak,26.0,0.0,False
POS63041,491543.04174190277,4881489.218000019,oak,43.0,0.0,False
POS63042,491551.1978369936,4881486.318698907,oak,53.0,0.0,False
POS63043,491570.4110232403,4881482.22829699,oak,44.0,0.0,False
POS63046,491352.52657157194,4881607.693454621,oak,23.0,0.0,False
POS63058,491335.25814343704,4881646.843175962,douglas_fir,24.0,0.0,False
POS63059,491332.9004346547,4881650.163001033,douglas_fir,24.0,0.0,False
POS63060,491330.0058863405,4881653.376505623,douglas_fir,24.0,0.0,False
POS63061,491324.8668492535,4881664.296311009,maple,12.0,0.0,False
POS63062,491321.6527173012,4881669.436122679,maple,12.0,0.0,False
POS63063,491319.37016426335,4881676.135765179,douglas_fir,24.0,0.0,False
POS63070,491444.2735265072,4881763.702054174,maple,25.0,0.0,False
POS63071,491309.689408403,4881717.76563517,douglas_fir,12.0,0.0,False
POS63073,491292.2051842671,4881729.664608737,maple,13.0,0.0,False
POS63077,492139.03192680003,4881451.476062936,maple,15.0,0.0,False
POS63155,492163.4332222955,4881052.057143623,dogwood,4.0,0.0,False
POS63163,492208.3400625539,4881143.562319938,maple,1.0,0.0,False
POS63227,491879.3994950946,4880627.201187421,maple,3.0,0.0,False
POS63228,491898.152365089,4880673.197297345,douglas_fir,28.0,0.0,False
POS63229,491901.4931052245,4880682.930822747,douglas_fir,25.0,0.0,False
POS63230,491905.2652781603,4880694.268861091,maple,17.0,0.0,False
POS63231,491907.99410547595,4880706.039876989,pine,18.0,0.0,False
POS63232,491912.2390149859,4880729.609220866,dogwood,10.0,0.0,False
POS63233,491911.3360317287,4880778.047260693,maple,8.0,0.0,False
POS63234,491914.63762904913,4880795.537004476,douglas_fir,36.0,0.0,False
POS63235,491917.0152354351,4880810.478714259,dogwood,4.0,0.0,False
POS63237,491886.254108939,4880907.299964204,douglas_fir,25.0,0.0,False
POS63238,491885.82278310216,4880905.8024577,douglas_fir,22.0,0.0,False
POS63242,491890.52340476535,4880896.747002911,maple,31.0,0.0,False
POS63244,491876.254503812,4880925.224814137,dogwood,8.0,0.0,False
POS63247,491835.3994137887,4880940.426595122,dogwood,1.0,0.0,False
POS63253,491927.17395217926,4881028.604085904,western_hemlock,22.0,0.0,False
POS63254,491946.88360661705,4881046.520435543,dogwood,4.0,0.0,False
POS63255,491950.64088987786,4881045.873835433,dogwood,5.0,0.0,False
POS63259,492062.1058801751,4880967.647643048,maple,1.0,0.0,False
POS63260,492060.3899897253,4880969.361782285,maple,1.0,0.0,False
POS63266,492062.37313656346,4880651.758644962,maple,7.0,0.0,False
POS63269,492083.5461794494,4880687.441823559,oak,26.0,0.0,False
POS63270,492087.26701868663,4880685.764611505,oak,40.0,0.0,False
POS63271,492092.93538973096,4880688.266916325,maple,15.0,0.0,False
POS63272,492072.6596971175,4880764.694865651,maple,3.0,0.0,False
POS63273,492098.01655429834,4880688.262237414,oak,30.0,0.0,False
POS63277,492112.084579492,4880689.422454072,douglas_fir,13.0,0.0,False
POS63278,492113.3733713171,4880689.634916709,douglas_fir,11.0,0.0,False
POS63279,492114.2309479468,4880688.45677774,oak,36.0,0.0,False
POS63283,492110.45952534536,4880689.077754157,douglas_fir,11.0,0.0,False
POS63284,492166.1909523652,4880781.036227489,dogwood,4.0,0.0,False
POS63285,492134.3059149383,4880696.004598744,douglas_fir,11.0,0.0,False
POS63286,492131.8207252727,4880683.059822587,douglas_fir,12.0,0.0,False
POS63287,492139.32110523316,4880669.56800146,maple,2.0,0.0,False
POS63289,492149.0603418758,4880642.483651993,douglas_fir,11.0,0.0,False
POS63293,492149.1664780443,4880641.413492663,oak,1.0,0.0,False
POS63294,492151.08808821643,4880631.994500715,maple,1.0,0.0,False
POS63295,492151.51518157654,4880629.960894894,maple,1.0,0.0,False
POS63315,491872.51016389526,4880861.974261273,oak,27.0,0.0,False
POS63321,491997.92318882246,4880869.0005971845,western_hemlock,20.0,0.0,False
POS63322,492050.63367709523,4880857.851977111,maple,22.0,0.0,False
POS63323,492129.86374931986,4880856.2012481885,oak,15.0,0.0,False
POS63327,492141.2084608374,4880868.277765239,pine,6.0,0.0,False
POS63334,492204.49769311637,4880855.415707003,dogwood,13.0,0.0,False
POS63780,491984.4315867018,4880634.731773518,oak,28.0,0.0,False
POS63782,491985.6485070317,4880657.017936643,douglas_fir,31.0,0.0,False
POS63783,491985.07410460577,4880651.447759182,douglas_fir,35.0,0.0,False
POS63785,491987.89538246725,4880699.8563375585,douglas_fir,26.0,0.0,False
POS63786,491990.13854861684,4880735.928857561,douglas_fir,35.0,0.0,False
POS63787,491989.72248614195,4880715.709146846,douglas_fir,49.0,0.0,False
POS63789,491974.48280469637,4880835.191815249,douglas_fir,5.0,0.0,False
POS63790,491971.68498416047,4880831.4904398825,maple,4.0,0.0,False
POS63791,491971.04020771204,4880826.438777542,douglas_fir,20.0,0.0,False
POS63792,491971.02847348776,4880816.808393657,douglas_fir,24.0,0.0,False
POS63793,491986.74855190626,4880815.29373683,dogwood,1.0,0.0,False
POS63794,491970.0517578848,4880808.356243592,douglas_fir,22.0,0.0,False
POS63796,491971.6675023431,4880741.719631455,douglas_fir,18.0,0.0,False
POS63798,491972.18721022806,4880710.224667295,pine,5.0,0.0,False
POS63799,491972.24057159596,4880688.999137884,oak,35.0,0.0,False
POS76146,491953.4338754399,4881214.1605306575,maple,24.0,0.0,False
POS76147,491965.5339016812,4881214.018285407,maple,22.0,0.0,False
POS76148,491970.7427948123,4881210.456833061,pine,23.0,0.0,False
POS76150,491978.9740265771,4881209.064716342,douglas_fir,16.0,0.0,False
POS76151,491985.28228722943,4881210.890694223,douglas_fir,17.0,0.0,False
POS76152,491981.4107053644,4881215.280570348,pine,15.0,0.0,False
POS76153,491987.0136922016,4881214.092333053,oregon_ash,46.0,0.0,False
POS76155,491996.1270916619,4881210.58399088,douglas_fir,13.0,0.0,False
POS76156,492000.0427438779,4881210.26022461,douglas_fir,17.0,0.0,False
POS76157,492009.9552104079,4881211.626340055,maple,32.0,0.0,False
POS76158,492013.9895369805,4881211.558221068,maple,31.0,0.0,False
POS76159,492011.9725499438,4881209.481786674,maple,21.0,0.0,False
POS76160,492020.8418923584,4881209.936354789,pine,15.0,0.0,False
POS76161,492025.97490414645,4881206.813249101,maple,6.0,0.0,False
POS76162,492024.6182177631,4881210.049041468,pine,6.0,0.0,False
POS76163,492028.7743907404,4881210.110161493,pine,24.0,0.0,False
POS76164,491920.60236583685,4881217.134627776,maple,9.0,0.0,False
POS76166,492032.63567763584,4881210.019778738,pine,12.0,0.0,False
POS76167,492034.06593807024,4881208.551022981,pine,12.0,0.0,False
POS76168,492035.8549110094,4881209.927337329,pine,12.0,0.0,False
POS76169,492040.151798507,4881209.48874471,pine,25.0,0.0,False
POS76170,492041.17893266125,4881205.879109962,maple,11.0,0.0,False
POS76171,492051.2426467258,4881209.37848931,pine,17.0,0.0,False
POS76172,492065.2387845422,4881206.89817203,douglas_fir,18.0,0.0,False
POS76175,492087.77903904347,4881198.877680543,oak,33.0,0.0,False
POS77341,492144.5853475322,4882371.776453991,pine,13.0,0.0,False
POS77400,491893.67714179266,4880890.615460494,oregon_ash,16.0,0.0,False
POS77525,490228.6669957833,4880760.42369183,green_ash,19.0,0.0,False
POS77526,490235.6889989562,4880760.429394523,green_ash,21.0,0.0,False
POS78816,491010.882783236,4881900.442338551,oak,15.0,0.0,False
POS79015,491984.6467527068,4880799.943246973,western_hemlock,22.0,0.0,False
POS79017,491987.71277869097,4880835.659202999,maple,42.0,0.0,False
POS79027,490440.3388688606,4881843.618225221,maple,55.0,0.0,False
POS79276,490849.94233284064,4880782.797667124,maple,50.0,0.0,False
POS79277,490859.95854289155,4880752.470473049,maple,50.0,0.0,False
POS85558,491637.0688581187,4881152.7617688365,oregon_ash,2.0,0.0,False
POS85560,491625.814977275,4881254.9688552795,oregon_ash,2.0,0.0,False
POS85565,491627.711275992,4881268.168044474,oregon_ash,2.0,0.0,False
POS85571,491621.07865105325,4881205.838385945,oregon_ash,2.0,0.0,False
POS85573,491619.383546479,4881203.216445195,oregon_ash,2.0,0.0,False
POS85574,491620.71656549687,4881199.490133559,oregon_ash,2.0,0.0,False
POS85590,491633.3509405601,4881310.447702346,oregon_ash,2.0,0.0,False
POS85592,491627.45233748486,4881241.023087708,oregon_ash,2.0,0.0,False
POS85593,491626.57737094694,4881248.307149276,oregon_ash,2.0,0.0,False
POS85596,491644.64003159787,4881349.040942115,oregon_ash,3.0,0.0,False
POS85597,491646.9144359694,4881354.032721921,oregon_ash,1.0,0.0,False
POS85603,491650.2632030896,4881367.612756264,oregon_ash,3.0,0.0,False
POS85604,491647.3345558063,4881367.819874169,oregon_ash,2.0,0.0,False
POS85611,491700.59509223286,4881502.94897451,oregon_ash,3.0,0.0,False
POS85614,491651.17884669045,4881377.753210267,oregon_ash,8.0,0.0,False
POS85621,491657.69297931704,4881380.545447154,oregon_ash,7.0,0.0,False
POS85630,491713.4154196916,4881539.333237295,oregon_ash,4.0,0.0,False
POS85631,491712.26592253166,4881542.402106715,oregon_ash,3.0,0.0,False
POS85632,491660.9313916231,4881393.138565238,oregon_ash,4.0,0.0,False
POS85635,491720.4292133008,4881556.22950004,oregon_ash,3.0,0.0,False
POS85637,491721.7651357075,4881562.074493516,oregon_ash,3.0,0.0,False
POS85638,491668.7295568534,4881401.266037932,oregon_ash,3.0,0.0,False
POS85640,491671.3332777243,4881413.201502054,oregon_ash,3.0,0.0,False
POS85642,491670.94257913955,4881405.429366708,oregon_ash,3.0,0.0,False
POS85643,491730.3199136466,4881574.129728129,oregon_ash,3.0,0.0,False
POS85920,490728.73834925477,4880635.387512533,oregon_ash,1.0,0.0,False
POS85923,490712.84763735527,4880626.05715823,maple,2.0,0.0,False
POS85925,490712.26562952745,4880632.981365859,maple,3.0,0.0,False
POS85927,490707.63725355593,4880630.737815964,maple,3.0,0.0,False
POS85930,490711.03262621444,4880635.896350146,maple,2.0,0.0,False
POS85932,490707.9570712153,4880638.767958272,maple,4.0,0.0,False
POS85941,490699.16489386786,4880635.421648329,maple,5.0,0.0,False
POS85943,490724.4250092816,4880649.699974269,oregon_ash,1.0,0.0,False
POS85944,490731.7555607381,4880649.328982449,oregon_ash,2.0,0.0,False
POS85946,490732.6457383359,4880645.848155553,oak,3.0,0.0,False
POS85952,490719.13888154423,4880665.291542853,oregon_ash,2.0,0.0,False
POS85953,490704.0017878565,4880668.841495011,maple,7.0,0.0,False
POS85954,490723.17290762207,4880666.339729708,oak,4.0,0.0,False
POS85956,490701.12855715683,4880676.56896013,maple,4.0,0.0,False
POS85957,490718.50888706016,4880672.335921019,oregon_ash,2.0,0.0,False
POS85958,490683.40739862365,4880763.6212768955,oregon_ash,2.0,0.0,False
POS85959,490695.8892428085,4880683.781117076,maple,3.0,0.0,False
POS85960,490725.4783846549,4880674.7918267,oak,2.0,0.0,False
POS85961,490668.9043014978,4880750.1256262995,maple,2.0,0.0,False
POS85963,490725.63055005093,4880676.338205148,oak,3.0,0.0,False
POS85965,490661.24244214135,4880749.1158003025,maple,3.0,0.0,False
POS85966,490683.7641476599,4880676.739174168,maple,1.0,0.0,False
POS85967,490726.2337694091,4880677.0955218375,oak,3.0,0.0,False
POS85968,490724.9954610092,4880677.537186117,oak,3.0,0.0,False
POS85970,490663.24206069193,4880733.032364781,maple,3.0,0.0,False
POS85971,490661.4003814335,4880742.176741575,maple,3.0,0.0,False
POS85972,490670.74625744286,4880733.32356908,maple,1.0,0.0,False
POS85975,490725.77239248285,4880678.0629800055,oak,2.0,0.0,False
POS85976,490676.6629986877,4880726.201526755,maple,1.0,0.0,False
POS85977,490722.2229320297,4880679.097702536,oak,2.0,0.0,False
POS85978,490689.38626820804,4880680.681315325,maple,1.0,0.0,False
POS85979,490674.9764824478,4880715.837451307,maple,5.0,0.0,False
POS85980,490710.27324281336,4880692.574301108,oregon_ash,1.0,0.0,False
POS85981,490689.4716756347,4880689.351778565,maple,1.0,0.0,False
POS85982,490678.3557167987,4880709.042007041,maple,4.0,0.0,False
POS85983,490686.091705612,4880705.181024759,maple,2.0,0.0,False
POS85984,490684.26511790435,4880696.746417312,maple,1.0,0.0,False
POS85987,490681.4954592588,4880702.182415559,maple,3.0,0.0,False
POS85988,490704.29973406374,4880700.41576754,oak,1.0,0.0,False
POS85989,490678.4730987461,4880695.0094618965,maple,3.0,0.0,False
POS85990,490705.64514266816,4880704.820618647,oak,2.0,0.0,False
POS85991,490702.5770270891,4880707.399341077,oregon_ash,3.0,0.0,False
POS85992,490680.3326009233,4880683.494757123,maple,1.0,0.0,False
POS85993,490699.6950345079,4880714.384825711,oregon_ash,2.0,0.0,False
POS85995,490693.9547077238,4880729.07781839,oregon_ash,2.0,0.0,False
POS85997,490688.3988434697,4880741.767964946,oregon_ash,1.0,0.0,False
POS86039,491751.0642994256,4881602.477950551,oregon_ash,1.0,0.0,False
POS86040,491752.5356071192,4881599.174378939,oregon_ash,1.0,0.0,False
POS86043,491757.9973952991,4881605.016883008,oregon_ash,1.0,0.0,False
POS86051,491757.9181934962,4881612.309382409,oregon_ash,1.0,0.0,False
POS86052,491764.2900590918,4881612.0874068625,oregon_ash,1.0,0.0,False
POS86053,491766.25766250154,4881612.903136177,oregon_ash,4.0,0.0,False
POS86055,491768.5884987441,4881616.972176489,oregon_ash,1.0,0.0,False
POS86056,491772.04577791755,4881617.059239883,oregon_ash,1.0,0.0,False
POS86062,491777.93712047645,4881622.196445668,oregon_ash,1.0,0.0,False
POS86069,491774.80496445723,4881627.414001668,oregon_ash,1.0,0.0,False
POS86073,491780.09102816094,4881633.099658671,oregon_ash,1.0,0.0,False
POS86074,491906.83645716065,4881735.518091132,oregon_ash,2.0,0.0,False
POS86079,491906.8493304695,4881731.748792439,oregon_ash,2.0,0.0,False
POS86083,491792.5151769269,4881632.963179215,oregon_ash,2.0,0.0,False
POS86084,491896.4561223172,4881723.658089173,oregon_ash,1.0,0.0,False
POS86086,491798.9748722387,4881640.709702135,oregon_ash,12.0,0.0,False
POS86088,491890.66958314425,4881716.62746866,oregon_ash,2.0,0.0,False
POS86089,491887.11876254156,4881712.037613915,oregon_ash,1.0,0.0,False
POS86090,491885.67581586784,4881712.845775354,oregon_ash,2.0,0.0,False
POS86091,491884.3266064326,4881711.668790103,oregon_ash,3.0,0.0,False
POS86092,491803.748962608,4881647.513407302,dogwood,2.0,0.0,False
POS86093,491885.5322892905,4881709.237213128,oregon_ash,3.0,0.0,False
POS86096,491888.19286478614,4881707.32976052,oregon_ash,2.0,0.0,False
POS86100,491813.94975646766,4881655.440364794,oregon_ash,1.0,0.0,False
POS86101,491872.0351142724,4881695.734070694,oregon_ash,3.0,0.0,False
POS86102,491874.9251104108,4881692.777140485,oregon_ash,3.0,0.0,False
POS86107,491865.5088715135,4881689.748600961,oregon_ash,2.0,0.0,False
POS86108,491833.45671409275,4881666.153671253,oregon_ash,2.0,0.0,False
POS86109,491861.4378854077,4881679.671103488,oregon_ash,2.0,0.0,False
POS86116,490863.79779881175,4880737.641058851,maple,1.0,0.0,False
POS86117,490762.24878181395,4880987.9358710805,maple,2.0,0.0,False
POS86120,490747.18816633185,4881018.946759831,maple,1.0,0.0,False
POS86124,490742.75375469367,4881027.728163128,oregon_ash,1.0,0.0,False
POS86125,490828.11973391613,4880845.206279186,maple,4.0,0.0,False
POS86126,490740.88774255535,4881030.713359462,maple,1.0,0.0,False
POS86127,490738.37467561313,4881035.285187943,oregon_ash,1.0,0.0,False
POS86128,490827.0277051623,4880849.100891613,maple,3.0,0.0,False
POS86131,490822.9986066688,4880860.187946845,maple,1.0,0.0,False
POS86133,490822.34989414614,4880863.093662151,maple,1.0,0.0,False
POS86134,490718.37973643205,4881061.486837348,oregon_ash,2.0,0.0,False
POS86135,490720.34121675254,4881068.453726776,oregon_ash,1.0,0.0,False
POS86136,490818.14318300213,4880868.305674877,oak,1.0,0.0,False
POS86137,490716.92969663086,4881066.628396038,oregon_ash,2.0,0.0,False
POS86138,490717.48752431286,4881072.781486156,oregon_ash,1.0,0.0,False
POS86139,490808.6127908289,4880896.125895903,maple,1.0,0.0,False
POS86142,490794.75663495593,4880918.418015714,oregon_ash,1.0,0.0,False
POS86143,490693.1289252626,4881117.197871252,oregon_ash,1.0,0.0,False
POS86144,490793.1274269824,4880922.167396468,oregon_ash,1.0,0.0,False
POS86145,490793.55416325986,4880924.27467976,oregon_ash,1.0,0.0,False
POS86146,490691.20177590643,4881118.991114837,oregon_ash,1.0,0.0,False
POS86149,490686.3019760503,4881118.350408015,maple,4.0,0.0,False
POS86152,490684.3318009622,4881121.52200057,maple,3.0,0.0,False
POS86154,490772.41825595015,4880971.347793441,oak,1.0,0.0,False
POS86156,490683.48463415075,4881132.78169097,maple,1.0,0.0,False
POS86159,490748.5268494939,4881044.705517329,maple,1.0,0.0,False
POS86160,490740.07992445014,4881064.5947660105,maple,1.0,0.0,False
POS86161,490731.25589777424,4881067.92346837,maple,1.0,0.0,False
POS86162,490726.03039565234,4881103.225297973,maple,1.0,0.0,False
POS86163,490732.7254111933,4881110.322121198,maple,1.0,0.0,False
POS86164,490725.2190154917,4881109.766344564,maple,1.0,0.0,False
POS86165,490728.38062004093,4881116.679739215,maple,1.0,0.0,False
POS86166,490713.2286860261,4881128.667645131,maple,1.0,0.0,False
POS86167,490702.84287986596,4881120.763183935,maple,1.0,0.0,False
POS86168,490711.40765770775,4881135.323469895,maple,1.0,0.0,False
POS86169,490710.2720468588,4881142.6093597775,maple,1.0,0.0,False
POS86170,490703.5251698553,4881142.201048349,maple,1.0,0.0,False
POS86171,490689.4314703437,4881143.014364253,maple,3.0,0.0,False
POS86172,490689.95477493445,4881160.221884149,maple,1.0,0.0,False
POS86213,490671.2228937214,4880803.40861352,oregon_ash,1.0,0.0,False
POS86214,490666.5966539265,4880826.126839891,oregon_ash,1.0,0.0,False
POS86215,490617.92594202363,4880852.890445504,maple,2.0,0.0,False
POS86216,490660.3475773442,4880849.823669602,oregon_ash,1.0,0.0,False
POS86218,490597.82785606175,4880869.444100678,maple,4.0,0.0,False
POS86219,490659.2900014244,4880858.509427261,oregon_ash,1.0,0.0,False
POS86221,490655.9115312623,4880864.789979495,oregon_ash,1.0,0.0,False
POS86222,490653.00926554966,4880872.830382614,oregon_ash,1.0,0.0,False
POS86224,490596.10368486005,4880892.263113137,maple,2.0,0.0,False
POS86226,490601.56567557045,4880898.910838811,maple,3.0,0.0,False
POS86229,490591.57553569286,4880903.33157979,maple,2.0,0.0,False
POS86231,490592.863519624,4880911.108996749,maple,3.0,0.0,False
POS86234,490609.59950389824,4880916.713668387,maple,2.0,0.0,False
POS86235,490634.44566237205,4880902.430434897,oregon_ash,2.0,0.0,False
POS86236,490607.7542027309,4880923.2445700085,maple,2.0,0.0,False
POS86237,490602.49282412796,4880929.882551816,maple,2.0,0.0,False
POS86238,490628.94758622814,4880907.965427776,oregon_ash,2.0,0.0,False
POS86239,490600.0804382876,4880937.474959358,maple,3.0,0.0,False
POS86240,490595.8504025458,4880934.744485792,maple,1.0,0.0,False
POS86241,490595.1234604405,4880926.289092151,maple,3.0,0.0,False
POS86242,490595.4170542263,4880918.738268991,maple,2.0,0.0,False
POS86243,490602.6967924534,4880917.39553512,maple,2.0,0.0,False
POS86244,490553.6203659929,4881030.683020017,maple,2.0,0.0,False
POS86245,490584.81283845735,4880924.14981235,maple,2.0,0.0,False
POS86246,490542.256974602,4881029.664758556,oregon_ash,2.0,0.0,False
POS86248,490531.231264612,4881026.716826196,maple,1.0,0.0,False
POS86249,490534.8133356646,4881021.4015730005,maple,1.0,0.0,False
POS86252,490583.84153234423,4880940.773434584,maple,2.0,0.0,False
POS86253,490543.6113774108,4881026.2168857725,maple,1.0,0.0,False
POS86254,490577.7635070154,4880940.621886939,maple,2.0,0.0,False
POS86255,490580.39796647924,4880949.1586949155,maple,2.0,0.0,False
POS86256,490593.50317405234,4880958.24532142,maple,3.0,0.0,False
POS86258,490540.0722482411,4881022.249997629,maple,1.0,0.0,False
POS86259,490558.72549931024,4881017.738526206,pine,1.0,0.0,False
POS86265,490441.14389374683,4881356.876380068,oregon_ash,1.0,0.0,False
POS86270,490453.12085429014,4881391.969230317,oregon_ash,1.0,0.0,False
POS86271,490447.47075269074,4881366.756774154,oregon_ash,1.0,0.0,False
POS86272,490447.7278408899,4881389.2070628395,maple,2.0,0.0,False
POS86276,490450.03428784054,4881428.227774876,maple,2.0,0.0,False
POS86279,490448.9182863547,4881435.369442217,maple,1.0,0.0,False
POS86284,490450.93106912274,4881448.838703551,maple,1.0,0.0,False
POS86288,490451.11170030053,4881419.939429737,maple,2.0,0.0,False
POS86292,490443.2705677949,4881461.978248809,maple,1.0,0.0,False
POS86293,490452.31593068776,4881411.928774508,maple,2.0,0.0,False
POS86296,490445.98036069726,4881482.446064698,maple,1.0,0.0,False
POS86299,490434.2325140051,4881490.184437662,maple,1.0,0.0,False
POS86305,490423.9736082466,4881486.623976549,maple,1.0,0.0,False
POS86306,490448.4801843088,4881414.5282925125,maple,1.0,0.0,False
POS86307,490449.6113299553,4881413.612619853,maple,1.0,0.0,False
POS86308,490428.3361705922,4881479.874881843,maple,1.0,0.0,False
POS86315,490439.94272927236,4881517.578428817,maple,1.0,0.0,False
POS86316,490446.7761719757,4881520.6791789,maple,1.0,0.0,False
POS86317,490432.34804598923,4881532.986587326,maple,1.0,0.0,False
POS86321,490420.5456557616,4881525.037076389,maple,1.0,0.0,False
POS86327,490414.9345551413,4881529.520768263,maple,1.0,0.0,False
POS86328,490623.1989241621,4882100.578326554,maple,2.0,0.0,False
POS86329,490633.96223548986,4882102.499400821,maple,2.0,0.0,False
POS86330,490627.28253005835,4882091.591873925,maple,2.0,0.0,False
POS86331,490436.5773064334,4881570.768225255,oregon_ash,1.0,0.0,False
POS86332,490618.7332321982,4882095.755186136,oregon_ash,2.0,0.0,False
POS86333,490433.7414558869,4881567.473041662,oregon_ash,1.0,0.0,False
POS86335,490612.7890627155,4882090.6118271835,maple,2.0,0.0,False
POS86336,490434.4533610282,4881569.983838483,oregon_ash,1.0,0.0,False
POS86338,490422.42428048427,4881557.314658082,oregon_ash,1.0,0.0,False
POS86340,490604.7547232186,4882076.4198136665,maple,1.0,0.0,False
POS86344,490596.24519239645,4882061.432805066,oregon_ash,2.0,0.0,False
POS86347,490595.49982155435,4882058.857211348,maple,2.0,0.0,False
POS86348,490602.02220935386,4882058.188598198,maple,1.0,0.0,False
POS86350,490590.4191065291,4882051.614469289,maple,2.0,0.0,False
POS86352,490587.1571852708,4882043.870481673,maple,2.0,0.0,False
POS86354,490546.4845275183,4881955.700685867,maple,2.0,0.0,False
POS86356,490542.9796233478,4881942.861336832,oregon_ash,2.0,0.0,False
POS86360,490552.9364804368,4881946.332282304,maple,2.0,0.0,False
POS86361,490555.76142980566,4881954.6515466785,maple,2.0,0.0,False
POS86362,490597.1296224076,4882043.326706247,maple,1.0,0.0,False
POS87270,490635.3619245337,4881240.8913385095,maple,30.0,0.0,False
POS90218,490449.097882428,4880659.0066281445,maple,7.0,0.0,False
POS90219,490501.1702280404,4880661.257303347,maple,27.0,0.0,False
POS94865,492136.1578722012,4881229.021697965,pine,20.0,0.0,False
POS95622,492146.1904797887,4881228.054047509,pine,,0.0,False
POS97045,491475.06937878806,4881935.198171656,maple,6.0,0.0,False
POS98117,491810.32875310775,4881685.706887893,maple,40.0,0.0,False
POS98990,491989.64869108424,4880738.953214458,douglas_fir,24.0,0.0,False
POS98991,491988.48197082523,4880748.57103532,douglas_fir,70.0,0.0,False
POS99006,490445.8187111885,4881578.8627304705,maple,39.0,0.0,False
POS99010,490455.37096775667,4881509.638658586,oregon_ash,11.0,0.0,False
POS99013,490444.58561638783,4881490.8257428575,oregon_ash,30.0,0.0,False
POS99016,490447.65258055733,4881468.181830538,oregon_ash,42.0,0.0,False
POS99017,490450.0289523643,4881458.461308668,oregon_ash,65.0,0.0,False
POS99031,490581.0771490947,4880986.574360789,maple,25.0,0.0,False
POS99038,490545.6740300251,4880823.276812444,oak,3.0,0.0,False
POS99039,490527.8666662374,4880798.260900476,oak,3.0,0.0,False
POS99040,490531.5131048296,4880797.605679169,oak,8.0,0.0,False
POS99041,490538.1671823406,4880806.091617762,oak,5.0,0.0,False
POS99045,490599.1222320097,4880806.662886259,douglas_fir,3.0,0.0,False
POS99046,490604.4511734261,4880782.460287164,maple,25.0,0.0,False
POS99048,490589.5952869553,4880790.451342149,maple,21.0,0.0,False
POS99052,490713.03063470544,4880710.223108521,oak,2.0,0.0,False
POS99443,491077.80717099574,4881223.607319792,oak,24.0,0.0,False
POS99449,491990.1425164177,4880799.935537992,western_hemlock,12.0,0.0,False
POS100368,491969.2513945066,4880844.008426058,douglas_fir,23.0,0.0,False
POS100530,492097.472693724,4881520.145893496,dogwood,3.0,0.0,False
POS100824,491989.89769069984,4880785.740286959,douglas_fir,32.0,0.0,False
POS100825,491986.67141954985,4880776.82569916,oak,5.0,0.0,False
POS100826,491989.2228870737,4880774.003765043,douglas_fir,11.0,0.0,False
POS100827,491986.538436118,4880770.956987855,douglas_fir,7.0,0.0,False
POS100828,491987.09083078016,4880766.1083527515,douglas_fir,35.0,0.0,False
POS100829,491988.2007686592,4880721.881490828,douglas_fir,22.0,0.0,False
POS100830,491971.24482,4880823.455910702,douglas_fir,18.0,0.0,False
POS100831,491989.00083058566,4880691.950029285,douglas_fir,48.0,0.0,False
POS100836,491972.342357347,4880757.74406065,douglas_fir,13.0,0.0,False
POS103435,490253.89606365626,4882117.200161177,maple,51.0,0.0,False
POS103436,490323.02756981226,4882116.947499083,douglas_fir,41.0,0.0,False
POS103437,490397.3179364317,4882116.716566002,douglas_fir,40.0,0.0,False
POS103619,492208.20313923777,4882336.699702725,maple,2.0,0.0,False
POS105290,491137.37167669216,4881571.898649501,oak,27.0,0.0,False
POS105291,491137.7005752141,4881580.240850466,oak,27.0,0.0,False
POS105292,491140.6069974259,4881597.267952489,douglas_fir,18.0,0.0,False
POS126116,491353.71293703833,4881555.0375719555,oak,51.0,0.0,False
POS128086,490234.0189755718,4882267.063684085,oak,30.0,0.0,False
POS128087,490241.2490040006,4882260.106146174,oak,20.0,0.0,False
POS128088,490469.46486011706,4882548.273214739,pine,12.0,0.0,False
POS130001,490690.1843103267,4880692.585521099,maple,1.0,0.0,False
POS130011,490679.8023349055,4880687.756441623,maple,1.0,0.0,False
POS130015,491089.7494665678,4881256.059502131,oak,25.0,0.0,False
POS130016,491083.49379227357,4881239.862572463,oak,22.0,0.0,False
POS130017,491095.86281931447,4881271.34206346,oak,23.0,0.0,False
POS130018,491109.0150753717,4881302.10390501,oak,14.0,0.0,False
POS130030,490588.59986327763,4880922.549963363,maple,10.0,0.0,False
POS130032,490730.6197013844,4880629.579000591,pine,1.0,0.0,False
POS130034,490728.0923903184,4880638.556218364,pine,2.0,0.0,False
POS130037,490726.2606435876,4880641.874348231,oak,1.0,0.0,False
POS130043,490681.0553489041,4880714.342085122,maple,1.0,0.0,False
POS130050,490546.11124688794,4881003.938037197,maple,1.0,0.0,False
POS130076,490678.9334558728,4880704.838240615,maple,1.0,0.0,False
POS130078,490683.5665887886,4880706.791624466,maple,1.0,0.0,False
POS130093,490598.70697193797,4880933.22617781,maple,1.0,0.0,False
POS130098,490710.23848689237,4880688.674867488,oak,1.0,0.0,False
POS130099,490704.87677109626,4880710.6441373015,oak,1.0,0.0,False
POS130100,490709.04631142784,4880692.376589032,oak,1.0,0.0,False
POS130109,490562.6301021505,4881024.320881486,maple,1.0,0.0,False
POS130112,490554.2051430789,4881019.385796675,pine,1.0,0.0,False
POS130114,490588.1358020782,4880935.834239078,maple,1.0,0.0,False
POS130116,490578.77178331616,4880943.968450741,maple,1.0,0.0,False
POS130117,490584.2792342564,4880946.458131215,maple,1.0,0.0,False
POS130119,490544.31919881,4881012.629078453,maple,1.0,0.0,False
POS130120,490586.36707797437,4880932.964597987,maple,1.0,0.0,False
POS130122,490703.7768096745,4880661.745206177,maple,1.0,0.0,False
POS130123,490722.99109214963,4880655.601538119,oak,1.0,0.0,False
POS130124,490720.4042906732,4880661.6893086005,oak,1.0,0.0,False
POS130125,490702.7640446986,4880713.3312677,oak,1.0,0.0,False
POS130135,490446.63571253896,4881364.873816706,oak,1.0,0.0,False
POS130136,490446.1290939779,4881367.877170866,oak,1.0,0.0,False
POS130146,490439.29591650463,4881467.621191885,maple,1.0,0.0,False
POS130147,490446.4979585951,4881381.982601923,pine,1.0,0.0,False
POS130148,490446.07685905526,4881359.542619684,pine,1.0,0.0,False
POS130170,490560.64918676286,4881020.978198893,pine,1.0,0.0,False
POS130172,490598.9185535412,4880924.9483902715,maple,1.0,0.0,False
POS130174,490568.2935052358,4880976.534006579,maple,1.0,0.0,False
POS130176,490570.3174934408,4880995.027139144,maple,1.0,0.0,False
POS130178,490561.42913656344,4880993.667813836,maple,1.0,0.0,False
POS130180,490562.9270679229,4880980.49258909,maple,1.0,0.0,False
POS130181,490566.9176768307,4880974.006696544,maple,1.0,0.0,False
POS130183,490560.3468205312,4881001.175202322,maple,1.0,0.0,False
POS130184,490563.66696999106,4880976.564970206,maple,1.0,0.0,False
POS130185,490565.6737545919,4880979.8316232,maple,1.0,0.0,False
POS130186,490552.1970758312,4880985.739075985,maple,1.0,0.0,False
POS130189,490665.17885633884,4880746.132274581,maple,1.0,0.0,False
POS130190,490666.751643557,4880740.164753526,maple,1.0,0.0,False
POS130197,490673.27866642206,4880732.269600701,maple,1.0,0.0,False
POS130199,490674.0294885644,4880723.518386351,maple,1.0,0.0,False
POS130203,490447.10178979323,4881386.097912529,pine,1.0,0.0,False
POS130218,490475.6390121048,4881333.963532763,maple,1.0,0.0,False
POS130219,490475.2183415567,4881337.51836421,maple,1.0,0.0,False
POS130222,490471.74371339526,4881364.97033189,maple,1.0,0.0,False
POS130223,490469.98336367373,4881366.47554549,maple,1.0,0.0,False
POS130309,490960.77835928387,4881259.525062104,dogwood,14.0,0.0,False
POS130315,490899.89566510567,4881290.154228086,dogwood,8.0,0.0,False
POS130320,490864.98972170736,4881307.865060827,dogwood,5.0,0.0,False
POS130852,490243.2474101126,4880906.075468861,maple,1.0,0.0,False
POS130855,490237.307954245,4880926.15955212,maple,1.0,0.0,False
POS130856,490235.8600101099,4880930.869066752,maple,1.0,0.0,False
POS131916,490245.38302177086,4880898.776707657,maple,1.0,0.0,False
POS134742,490393.9814119922,4881583.448842673,maple,1.0,0.0,False
POS134743,490400.7097880638,4881584.885919136,maple,1.0,0.0,False
POS134745,490397.7093827952,4881584.934101813,maple,1.0,0.0,False
POS134746,490392.33668020804,4881584.279890162,maple,1.0,0.0,False
POS134747,490371.31470058253,4881580.485905422,maple,1.0,0.0,False
POS134748,490371.5588104459,4881583.894465501,maple,1.0,0.0,False
POS134749,490367.55793905293,4881581.088434683,maple,1.0,0.0,False
POS134750,490463.1614435519,4881414.219209738,maple,1.0,0.0,False
POS134751,490463.3807543294,4881411.292985715,maple,1.0,0.0,False
POS134752,490463.5642905418,4881408.184890138,maple,1.0,0.0,False
POS134754,490706.28780377744,4880696.486987014,pine,1.0,0.0,False
POS134765,490509.5598815813,4881131.954950377,maple,1.0,0.0,False
POS134768,490518.295616663,4881120.260010739,maple,1.0,0.0,False
POS134911,490707.86887910456,4880699.079924753,oak,1.0,0.0,False
POS146364,491169.75332485116,4882396.8275144445,maple,14.0,0.0,False
POS151201,491100.55806688603,4882599.161196302,oak,2.0,0.0,False
POS151204,491088.0144413961,4882601.057369154,oak,2.0,0.0,False
POS158033,491325.20744480455,4882195.995832319,maple,6.0,0.0,False
POS160583,490252.85057407134,4880759.918200675,green_ash,13.0,0.0,False
POS160748,491201.92594898713,4880744.939626372,maple,17.0,0.0,False
1,491220.7451771225,4881624.472390005,ChLa,,5.0,True
