tree_id,species,dbh_in,x,y,is_initial_case,infected_at_step,risk_at_infection,infected
1,ChLa,,491220.7451771225,4881624.472390005,True,0,,True
POS4254,maple,8.0,491253.57368005416,4882468.564549311,False,,,False
POS37126,oregon_ash,10.0,490342.20653866476,4881326.8403421035,False,,,False
POS37709,oregon_ash,21.0,490349.9736188322,4881328.412312155,False,,,False
POS37710,oregon_ash,26.0,490353.68303887226,4881327.613465487,False,,,False
POS37712,oregon_ash,25.0,490360.4125744794,4881326.665621683,False,,,False
POS37713,oregon_ash,25.0,490362.7688371534,4881324.560472779,False,,,False
POS37734,oregon_ash,15.0,490364.0543663009,4881324.010814273,False,,,False
POS37735,oregon_ash,14.0,490364.11643548415,4881323.646557669,False,,,False
POS37745,oregon_ash,14.0,490364.5676443168,4881323.660019977,False,,,False
POS37746,oregon_ash,14.0,490364.44636113866,4881323.43479621,False,,,False
POS37747,maple,38.0,490364.4848277101,4881324.143160334,False,,,False
POS37932,maple,19.0,492106.10740044474,4880955.373145752,False,,,False
POS38428,maple,3.0,492054.30020573235,4880981.63195776,False,,,False
POS38437,douglas_fir,29.0,491889.600690433,4881008.666250396,False,,,False
POS38438,oak,52.0,491881.8195839607,4880958.7327756155,False,,,False
POS38439,douglas_fir,57.0,491875.0117261979,4880885.312569754,False,,,False
POS38441,pine,22.0,491918.1700962617,4880852.60649633,False,,,False
POS38442,pine,6.0,491921.1283672001,4880852.609869408,False,,,False
POS38444,maple,50.0,491923.51481598883,4880864.296062229,False,,,False
POS38445,douglas_fir,38.0,491970.02154737903,4880805.715777937,False,,,False
POS38448,maple,6.0,491974.07765213266,4880843.521127479,False,,,False
POS38450,douglas_fir,16.0,492131.73729524907,4880691.133831583,False,,,False
POS39243,douglas_fir,18.0,491990.3458164867,4880853.924413919,False,,,False
POS39249,oak,14.0,492131.9498377564,4880869.859526711,False,,,False
POS39404,maple,51.0,490346.0003601544,4881301.882251424,False,,,False
POS39405,maple,1.0,490440.23400129087,4881463.731091222,False,,,False
POS39408,oregon_ash,18.0,490378.83567182557,4881324.6958365245,False,,,False
POS39448,maple,8.0,490914.5979929473,4881937.903017066,False,,,False
POS39463,oregon_ash,12.0,490401.6868451716,4881323.668787919,False,,,False
POS39916,maple,4.0,492141.92404528137,4881037.27386062,False,,,False
POS39917,maple,1.0,492150.91034097614,4881038.072030047,False,,,False
POS39925,maple,12.0,492189.11186271935,4881053.094919102,False,,,False
POS42982,oak,10.0,491427.12452226726,4881551.400141945,False,,,False
POS42986,maple,15.0,491428.9939544725,4881607.010669434,False,,,False
POS42987,maple,17.0,491454.80916821933,4881648.543572149,False,,,False
POS42988,maple,14.0,491462.0055849738,4881654.973042672,False,,,False
POS42989,maple,10.0,491470.4438540917,4881661.133561802,False,,,False
POS42992,maple,9.0,491504.5391466931,4881680.962643531,False,,,False
POS42994,maple,7.0,491548.9663413973,4881706.704344347,False,,,False
POS42996,oak,17.0,491576.81217240304,4881722.961377396,False,,,False
POS42997,oak,9.0,491593.7593021075,4881732.212656935,False,,,False
POS42998,maple,8.0,491609.82534757594,4881741.50294758,False,,,False
POS42999,maple,14.0,491622.70044771937,4881749.227291121,False,,,False
POS43000,oak,23.0,491631.3361062465,4881754.992693112,False,,,False
POS43001,oak,22.0,491650.40585547336,4881771.832276408,False,,,False
POS43002,oak,20.0,491658.4317843045,4881781.080261378,False,,,False
POS43005,maple,10.0,491687.55075460643,4881849.651226419,False,,,False
POS43007,maple,13.0,491689.09816897375,4881870.108542739,False,,,False
POS43008,maple,11.0,491687.8800172001,4881891.785963527,False,,,False
POS43009,maple,11.0,491685.5914556892,4881902.634710089,False,,,False
POS43010,maple,25.0,491683.22928334546,4881912.280634005,False,,,False
POS43011,maple,13.0,491679.41958100145,4881920.733439688,False,,,False
POS43012,maple,10.0,491676.4685513381,4881930.310491032,False,,,False
POS43013,maple,17.0,491672.2813822217,4881938.9194366755,False,,,False
POS43015,oak,22.0,491649.688618222,4881985.147490845,False,,,False
POS43016,oak,22.0,491644.9771694259,4881994.583209535,False,,,False
POS43017,oak,19.0,491640.0451094736,4882004.1297477195,False,,,False
POS43058,oak,16.0,491635.8725222222,4882013.925752601,False,,,False
POS43070,maple,5.0,491632.5142160663,4881899.631695104,False,,,False
POS43071,maple,6.0,491621.91121857025,4881900.079727099,False,,,False
POS43072,oak,7.0,491614.7432150881,4881909.800354433,False,,,False
POS43073,maple,11.0,491612.72467116313,4881933.78426236,False,,,False
POS43074,maple,10.0,491604.296727406,4881934.2708742,False,,,False
POS43075,maple,8.0,491596.1719812934,4881933.161771823,False,,,False
POS43076,maple,9.0,491588.73596060456,4881932.238297426,False,,,False
POS43077,maple,13.0,491579.2314667092,4881930.366763544,False,,,False
POS43082,oak,18.0,491540.10708013584,4881918.248439823,False,,,False
POS43083,oak,16.0,491539.89401422354,4881909.595278487,False,,,False
POS43084,oak,15.0,491549.6760078505,4881899.736690457,False,,,False
POS43087,maple,4.0,491508.4425151068,4881916.017451638,False,,,False
POS43092,maple,6.0,491423.7970451236,4881906.286381541,False,,,False
POS43111,maple,11.0,491635.62164670404,4881484.41853424,False,,,False
POS43112,maple,13.0,491625.0472872483,4881488.581604645,False,,,False
POS43113,maple,14.0,491612.9817189901,4881492.7002788205,False,,,False
POS43114,maple,8.0,491600.9009221623,4881497.315910173,False,,,False
POS43115,maple,11.0,491588.820122614,4881501.931641782,False,,,False
POS43116,maple,10.0,491550.4225591882,4881512.977668733,False,,,False
POS43118,maple,7.0,491524.93294131325,4881516.695784867,False,,,False
POS43119,maple,14.0,491513.4111706975,4881519.625261054,False,,,False
POS43361,oak,18.0,492211.6133057724,4882302.660515906,False,,,False
POS43379,maple,9.0,491443.901343587,4881546.187212655,False,,,False
POS43380,oak,21.0,491443.0304168797,4881563.189208219,False,,,False
POS43381,maple,13.0,491442.9431098198,4881583.1705515655,False,,,False
POS43382,maple,15.0,491446.60343824414,4881605.144260733,False,,,False
POS43383,maple,13.0,491472.57288592774,4881643.012985213,False,,,False
POS43384,maple,20.0,491482.4130829921,4881649.9779536305,False,,,False
POS43385,maple,10.0,491491.3755777639,4881655.434199561,False,,,False
POS43386,oak,27.0,491500.9480145344,4881660.038226266,False,,,False
POS43387,oak,18.0,491520.3267445474,4881671.570409605,False,,,False
POS43389,oak,14.0,491589.29094165127,4881711.305467117,False,,,False
POS43390,oak,14.0,491600.33404261025,4881717.28240806,False,,,False
POS43391,oak,19.0,491609.5171464908,4881722.701537398,False,,,False
POS43392,oak,21.0,491637.88681625633,4881739.79872295,False,,,False
POS43394,oak,18.0,491661.70779282256,4881760.880370346,False,,,False
POS43395,oak,18.0,491669.15443105984,4881769.236151008,False,,,False
POS43396,maple,11.0,491684.3693610576,4881791.532831991,False,,,False
POS43397,maple,10.0,491689.7244958739,4881802.353758478,False,,,False
POS43398,maple,9.0,491694.5278269142,4881812.705209383,False,,,False
POS43399,maple,14.0,491704.8417816962,4881864.405488057,False,,,False
POS43400,maple,12.0,491705.22125771985,4881875.010240763,False,,,False
POS43401,maple,11.0,491704.4587797757,4881885.337812756,False,,,False
POS43402,maple,19.0,491701.2048048287,4881906.287270597,False,,,False
POS43403,maple,11.0,491698.7014951665,4881914.761357718,False,,,False
POS43404,maple,14.0,491696.5318160303,4881923.8446128825,False,,,False
POS43405,maple,14.0,491693.2747525699,4881931.773696933,False,,,False
POS43406,maple,14.0,491689.0408175617,4881940.622752073,False,,,False
POS43407,maple,20.0,491684.743710836,4881948.693305405,False,,,False
POS43408,oak,18.0,491666.9905547822,4881985.8121702755,False,,,False
POS43409,oak,16.0,491662.6445793367,4881995.1551919505,False,,,False
POS43410,maple,19.0,491648.15638773644,4882025.32362769,False,,,False
POS43411,maple,16.0,491643.0358334336,4882036.2539701015,False,,,False
POS43412,maple,18.0,491638.3528593095,4882045.693937414,False,,,False
POS43413,maple,13.0,491633.7483008566,4882055.394849908,False,,,False
POS43414,maple,13.0,491629.7341600599,4882064.277862087,False,,,False
POS43415,maple,8.0,491625.41514834674,4882074.28240095,False,,,False
POS43416,oak,16.0,491621.06392199866,4882081.757124944,False,,,False
POS43418,oak,15.0,491591.78782636585,4882116.299100348,False,,,False
POS43419,oak,17.0,491582.2331086965,4882123.40125242,False,,,False
POS43421,oak,11.0,491564.2009234929,4882134.270030226,False,,,False
POS43422,oak,14.0,491555.1645301892,4882138.56328966,False,,,False
POS43423,oak,19.0,491544.9635260095,4882141.843978051,False,,,False
POS43424,oak,14.0,491536.20902786445,4882143.972603722,False,,,False
POS43425,oak,20.0,491518.4490529381,4882146.590132492,False,,,False
POS43426,maple,14.0,491496.8139446851,4882146.273573715,False,,,False
POS43427,maple,17.0,491486.0573517534,4882144.754285185,False,,,False
POS43428,maple,18.0,491475.4949734243,4882142.9899867885,False,,,False
POS43429,oak,18.0,491466.0924318414,4882140.176273919,False,,,False
POS43430,maple,17.0,491426.541076281,4882131.03104764,False,,,False
POS43433,oak,20.0,491385.4965344408,4882121.110055205,False,,,False
POS43434,oak,24.0,491374.74766036775,4882118.259571845,False,,,False
POS43436,oak,20.0,491354.4344287772,4882113.477168637,False,,,False
POS43440,maple,15.0,491332.2481617777,4882091.143008604,False,,,False
POS43483,oak,19.0,491373.65643792733,4882101.505658843,False,,,False
POS43484,oak,18.0,491382.6346608178,4882103.964501608,False,,,False
POS43485,oak,24.0,491390.96722999844,4882106.16997427,False,,,False
POS43489,maple,16.0,491428.08925719204,4882114.104685973,False,,,False
POS43490,maple,16.0,491472.23766149336,4882125.497027283,False,,,False
POS43492,oak,16.0,491503.26372808317,4882130.570593651,False,,,False
POS43495,oak,16.0,491535.03964887635,4882127.338062201,False,,,False
POS43496,oak,22.0,491545.1561715215,4882124.804068367,False,,,False
POS43497,oak,15.0,491554.95495617477,4882120.545157743,False,,,False
POS43503,maple,4.0,491544.249576439,4882064.307140513,False,,,False
POS43504,maple,6.0,491548.3131308911,4882058.85547451,False,,,False
POS43505,maple,5.0,491552.19374541956,4882050.19438179,False,,,False
POS43511,maple,3.0,491507.08801229927,4882025.721585834,False,,,False
POS43512,maple,5.0,491495.9713245414,4882029.429963065,False,,,False
POS43513,oak,4.0,491486.10794842924,4882035.474786748,False,,,False
POS43516,oak,1.0,491468.2428380511,4882066.91549285,False,,,False
POS43517,maple,4.0,491464.45649910875,4882088.745277591,False,,,False
POS43522,maple,5.0,491420.43673574127,4882204.481544061,False,,,False
POS43523,oak,17.0,491404.71522629727,4882219.532260233,False,,,False
POS43524,oak,416.0,491401.7255949955,4882223.0234285295,False,,,False
POS43525,oak,22.0,491395.33962880727,4882231.64446398,False,,,False
POS43526,oak,19.0,491390.01502927486,4882240.032763438,False,,,False
POS43528,maple,4.0,491411.01821319,4882278.157143294,False,,,False
POS43529,maple,4.0,491403.3822322062,4882274.933835073,False,,,False
POS43535,maple,3.0,491423.5688246481,4882179.331574275,False,,,False
POS43536,maple,7.0,491429.0986046551,4882167.307820143,False,,,False
POS43537,maple,6.0,491432.5367134992,4882154.205831883,False,,,False
POS43538,sycamore,12.0,491441.75383014936,4882111.450853499,False,,,False
POS43539,sycamore,10.0,491445.2496502153,4882102.598175187,False,,,False
POS43540,sycamore,5.0,491447.0067552885,4882093.232006036,False,,,False
POS43541,sycamore,10.0,491445.20668182825,4882082.374565951,False,,,False
POS43542,sycamore,11.0,491430.396063094,4882083.5946724275,False,,,False
POS43543,sycamore,11.0,491420.145928158,4882080.518664117,False,,,False
POS43544,maple,4.0,491416.24897822534,4882068.767438318,False,,,False
POS43545,maple,4.0,491422.62428028276,4882059.3543648,False,,,False
POS43546,oak,5.0,491426.660052182,4882057.166337652,False,,,False
POS43547,oak,4.0,491435.1313590682,4882057.973121546,False,,,False
POS43548,maple,4.0,491445.6746703824,4882066.690597825,False,,,False
POS43549,oak,5.0,491494.9768221217,4882014.327867356,False,,,False
POS43550,oak,14.0,491512.26874076336,4882010.411743308,False,,,False
POS43551,maple,7.0,491526.6335102481,4882011.763591327,False,,,False
POS43554,maple,9.0,491588.8659863466,4882039.752699285,False,,,False
POS43555,maple,4.0,491603.81464600336,4882046.293182424,False,,,False
POS43556,maple,2.0,491608.5460104151,4882048.650408961,False,,,False
POS43557,oak,7.0,491641.5019227764,4881960.978094544,False,,,False
POS43558,oak,8.0,491635.0891644088,4881957.114664426,False,,,False
POS43559,maple,2.0,491626.14352470206,4881952.665644416,False,,,False
POS43560,maple,2.0,491617.4642836536,4881949.550702116,False,,,False
POS43561,oak,9.0,491573.5962689882,4881942.937507608,False,,,False
POS43582,maple,12.0,492183.1521804505,4881663.488554155,False,,,False
POS43583,maple,12.0,492164.3289575727,4881663.187163806,False,,,False
POS43584,maple,8.0,492136.9982551581,4881662.979314517,False,,,False
POS43586,dogwood,2.0,492127.30614630674,4881659.131918531,False,,,False
POS43587,maple,10.0,492119.97745060874,4881651.710067319,False,,,False
POS43589,maple,14.0,492115.1299389781,4881608.539659766,False,,,False
POS43591,maple,14.0,492114.3101436399,4881556.477534637,False,,,False
POS43592,maple,12.0,492114.6939069476,4881545.8355475655,False,,,False
POS43595,dogwood,3.0,492101.5125473396,4881520.003038546,False,,,False
POS43596,oak,15.0,491554.5515038068,4881939.795775788,False,,,False
POS43597,oak,20.0,491530.75470766873,4881933.394082357,False,,,False
POS43598,maple,5.0,491522.1106036793,4881931.812823379,False,,,False
POS43599,maple,5.0,491500.72733421886,4881930.563057918,False,,,False
POS43600,maple,5.0,491494.3722388485,4881931.59725571,False,,,False
POS43601,maple,5.0,491486.08396066766,4881932.471967571,False,,,False
POS43602,maple,5.0,491477.852077204,4881934.8784952825,False,,,False
POS43603,oak,7.0,491443.30793339235,4881954.806092612,False,,,False
POS43604,maple,5.0,491434.82843981386,4881963.949177489,False,,,False
POS43609,maple,2.0,491346.63719167706,4882017.694985501,False,,,False
POS43610,maple,2.0,491333.09184970154,4882021.215797846,False,,,False
POS43620,sycamore,11.0,491385.9055149211,4881520.827660003,False,,,False
POS43621,sycamore,11.0,491393.80974734796,4881521.945231414,False,,,False
POS43624,maple,9.0,491463.93243132165,4881523.972802048,False,,,False
POS43625,oak,8.0,491474.04462544655,4881522.941708068,False,,,False
POS43626,oak,12.0,491488.07975804096,4881522.47868061,False,,,False
POS43627,oak,10.0,491499.38460434397,4881520.769758588,False,,,False
POS43654,maple,11.0,492177.1090253926,4881530.6438660715,False,,,False
POS43655,maple,9.0,492149.78487211576,4881530.410610244,False,,,False
POS43657,maple,12.0,492125.6819350969,4881556.663970891,False,,,False
POS43658,pine,2.0,492125.815912855,4881575.006079115,False,,,False
POS43662,maple,7.0,492190.74595775455,4881641.671869095,False,,,False
POS43663,maple,12.0,492190.7239269962,4881627.872605501,False,,,False
POS43664,maple,10.0,492190.0312063954,4881595.828521835,False,,,False
POS43665,maple,5.0,492190.30672759825,4881577.87224276,False,,,False
POS43666,maple,9.0,492190.9873955144,4881558.430119189,False,,,False
POS43667,maple,8.0,492188.8430284826,4881548.152601129,False,,,False
POS43668,maple,8.0,492186.0891735947,4881540.035744173,False,,,False
POS43669,oak,22.0,492189.3534698885,4881516.747427676,False,,,False
POS43670,oak,20.0,492191.3593284805,4881513.509709655,False,,,False
POS43674,maple,12.0,492196.8935674481,4881537.453589269,False,,,False
POS43677,maple,13.0,492202.07308881165,4881602.34949684,False,,,False
POS43678,maple,6.0,492203.13579539856,4881627.809174184,False,,,False
POS43679,maple,8.0,492202.6532019219,4881641.0726678865,False,,,False
POS43680,maple,6.0,492210.9449726424,4881651.126717257,False,,,False
POS43903,oak,15.0,492180.39179691626,4881465.905264851,False,,,False
POS43904,oak,9.0,492170.1924629158,4881459.0990631245,False,,,False
POS43905,oak,10.0,492165.2004693964,4881454.805505115,False,,,False
POS43906,oak,12.0,492158.72165002354,4881448.598136974,False,,,False
POS43907,oak,10.0,492140.5430473417,4881425.950275341,False,,,False
POS43908,oak,9.0,492137.1543978547,4881419.67251576,False,,,False
POS43909,oak,8.0,492133.751201686,4881413.882233129,False,,,False
POS43910,oak,10.0,492130.7904001654,4881406.886023966,False,,,False
POS43911,oak,7.0,492125.21447588596,4881394.93546689,False,,,False
POS43912,oak,9.0,492120.93405195477,4881385.867932846,False,,,False
POS43913,oak,9.0,492116.2450532944,4881376.869608415,False,,,False
POS43916,oak,12.0,492081.78468194173,4881284.331392723,False,,,False
POS43917,oak,14.0,492189.24742340995,4881486.872890279,False,,,False
POS43918,oak,23.0,492183.88856676605,4881484.049018346,False,,,False
POS43924,maple,14.0,492121.78036147455,4881415.255156349,False,,,False
POS43925,oak,22.0,492117.68021852826,4881405.172979261,False,,,False
POS43926,oak,20.0,492114.40909532417,4881398.358214242,False,,,False
POS43927,maple,15.0,492110.0085051395,4881390.583024137,False,,,False
POS43928,maple,14.0,492106.06389917206,4881383.053346005,False,,,False
POS43931,maple,20.0,492075.7401585094,4881335.822611367,False,,,False
POS43932,maple,15.0,492072.54004476586,4881330.515598979,False,,,False
POS43933,maple,18.0,492069.2619152835,4881323.932229234,False,,,False
POS43934,maple,11.0,492066.24256638816,4881296.957411632,False,,,False
POS43935,maple,13.0,492066.5738337751,4881290.286442663,False,,,False
POS43936,maple,18.0,492068.52495175146,4881282.539284598,False,,,False
POS43937,oak,30.0,492074.7275242943,4881268.851851263,False,,,False
POS43938,maple,18.0,492083.4887111383,4881258.574144955,False,,,False
POS43939,maple,8.0,492089.44693189504,4881252.961406824,False,,,False
POS43941,oak,14.0,492090.9911799296,4881271.074406067,False,,,False
POS43942,oak,12.0,492086.1690349882,4881277.416060993,False,,,False
POS43943,oak,14.0,492082.92626762274,4881283.468137419,False,,,False
POS44553,oak,25.0,492203.52095212427,4882307.224839657,False,,,False
POS47855,pine,19.0,490237.3193178472,4880846.143508977,False,,,False
POS47856,pine,15.0,490239.6746021833,4880838.137810696,False,,,False
POS47858,douglas_fir,24.0,490247.1449054641,4880812.706856588,False,,,False
POS47860,oak,18.0,490253.9531405647,4880791.478806624,False,,,False
POS47861,oak,17.0,490256.36644649855,4880783.957390003,False,,,False
POS47862,oak,14.0,490259.04865615204,4880774.443679983,False,,,False
POS47863,oak,22.0,490270.1614061593,4880738.145135417,False,,,False
POS47864,oak,22.0,490275.67586595047,4880719.3036915455,False,,,False
POS48173,maple,30.0,490470.438358043,4880647.032938814,False,,,False
POS48174,oak,48.0,490367.96664536785,4880660.250658778,False,,,False
POS48175,oak,47.0,490360.45254983014,4880659.805160855,False,,,False
POS48177,maple,25.0,490385.30962888524,4880758.038319661,False,,,False
POS48178,maple,30.0,490406.57166538807,4880757.256965307,False,,,False
POS48229,oak,1.0,491084.5842510122,4880647.511742081,False,,,False
POS48230,oak,1.0,491086.8672229376,4880727.310633276,False,,,False
POS48231,oak,1.0,491079.2998012516,4880713.171793336,False,,,False
POS48267,maple,10.0,490273.43958928983,4880806.098404351,False,,,False
POS48268,maple,8.0,490275.09053029644,4880800.365914871,False,,,False
POS48269,maple,11.0,490276.43294122163,4880795.835103457,False,,,False
POS48270,maple,10.0,490278.6405796129,4880788.314335185,False,,,False
POS48271,maple,10.0,490281.69938990555,4880778.271356469,False,,,False
POS48776,maple,12.0,491053.1707229919,4882001.999870972,False,,,False
POS48777,oak,16.0,491047.15424606524,4881992.9288628725,False,,,False
POS48779,maple,16.0,491025.5903696383,4881907.602323357,False,,,False
POS48780,oak,14.0,491026.9602174065,4881896.400852786,False,,,False
POS48783,oak,18.0,491037.65478876355,4881861.757994164,False,,,False
POS48784,oak,11.0,491049.25284327794,4881839.383058058,False,,,False
POS48785,oak,14.0,491055.19512330147,4881828.354817413,False,,,False
POS48788,maple,10.0,491091.1714395906,4881764.963056996,False,,,False
POS48791,maple,8.0,491119.9386362179,4881670.709604778,False,,,False
POS48792,oak,16.0,491121.49771154765,4881592.044865935,False,,,False
POS48793,oak,12.0,491121.3577293634,4881584.644023103,False,,,False
POS48794,oak,16.0,491121.7584779307,4881577.259314424,False,,,False
POS48795,oak,26.0,491122.69577387546,4881524.001280091,False,,,False
POS48796,maple,13.0,491140.1426472579,4881505.283824149,False,,,False
POS48800,green_ash,14.0,491155.97601674474,4881479.507065136,False,,,False
POS48801,green_ash,15.0,491160.8130413048,4881474.599977762,False,,,False
POS48804,maple,15.0,491182.80659808795,4881434.4739946,False,,,False
POS48805,maple,11.0,491173.7109054236,4881442.882394326,False,,,False
POS48806,maple,9.0,491165.6475823093,4881450.659182935,False,,,False
POS49006,maple,5.0,491231.94383391313,4882158.632189352,False,,,False
POS49007,maple,5.0,491227.1270708863,4882171.135331514,False,,,False
POS49008,maple,3.0,491222.742141233,4882183.141647766,False,,,False
POS49010,maple,7.0,491006.7556800929,4881973.972485183,False,,,False
POS49011,maple,8.0,490985.7234433497,4881983.155245744,False,,,False
POS49013,maple,9.0,490974.79387696926,4881987.727840004,False,,,False
POS49014,maple,9.0,490961.4482552543,4881992.944060952,False,,,False
POS49017,maple,8.0,490952.60607667785,4881997.307432253,False,,,False
POS49018,maple,6.0,490946.243050897,4882014.540849122,False,,,False
POS49021,maple,6.0,490919.4147411961,4882026.074826743,False,,,False
POS49096,maple,4.0,491106.18597943336,4881681.972413837,False,,,False
POS49103,maple,13.0,491054.39574086847,4881795.518647361,False,,,False
POS49104,oak,18.0,491043.25592468097,4881816.934037193,False,,,False
POS49105,oak,15.0,491036.7931845723,4881828.955971091,False,,,False
POS49106,oak,13.0,491030.5483246462,4881840.325191393,False,,,False
POS49110,oak,20.0,491010.02571814705,4881911.829112971,False,,,False
POS49111,oak,21.0,491009.8218355375,4881924.410101832,False,,,False
POS49112,oak,15.0,491009.62762464216,4881935.477146195,False,,,False
POS49113,maple,14.0,491011.6298082222,4881946.003012269,False,,,False
POS49115,maple,14.0,491033.887631722,4882002.733136839,False,,,False
POS49116,maple,13.0,491041.0632105439,4882012.398141349,False,,,False
POS49118,oak,20.0,491073.2549213883,4882044.280527177,False,,,False
POS49119,oak,15.0,491084.5807626185,4882051.355607996,False,,,False
POS49120,maple,9.0,491096.1860553037,4882057.111998981,False,,,False
POS49121,maple,14.0,491118.59631439665,4882065.6120382175,False,,,False
POS49122,oak,5.0,491131.56733653677,4882069.049130308,False,,,False
POS49124,oak,8.0,491155.3635212087,4882072.961026184,False,,,False
POS49125,maple,13.0,491171.8847550859,4882075.867336956,False,,,False
POS49127,maple,18.0,491214.44690269534,4882083.195535303,False,,,False
POS49128,maple,10.0,491226.7378418607,4882085.374711745,False,,,False
POS49129,maple,14.0,491237.5267328659,4882086.937758155,False,,,False
POS49130,oak,18.0,491249.8991859159,4882089.471774968,False,,,False
POS49217,maple,12.0,491296.28846690693,4882082.614673976,False,,,False
POS49218,oak,21.0,491303.4169237234,4882084.400808205,False,,,False
POS49219,oak,20.0,491312.6451622355,4882086.31639791,False,,,False
POS49220,oak,17.0,491257.7814278615,4882074.521645087,False,,,False
POS49221,oak,22.0,491245.79278555437,4882072.466790024,False,,,False
POS49222,maple,14.0,491234.34530815936,4882070.276079434,False,,,False
POS49223,maple,14.0,491213.2679260463,4882066.694507871,False,,,False
POS49224,oak,16.0,491178.9264766298,4882060.846824441,False,,,False
POS49225,maple,15.0,491166.10064498225,4882058.811092591,False,,,False
POS49226,maple,16.0,491138.9533952874,4882054.074491777,False,,,False
POS49227,oak,24.0,491115.3363334943,4882047.805791003,False,,,False
POS49228,oak,22.0,491103.7914154525,4882043.216625578,False,,,False
POS49232,maple,9.0,490409.0117702982,4881732.690120556,False,,,False
POS49234,oregon_ash,2.0,490403.45852302853,4881723.956343086,False,,,False
POS49236,douglas_fir,17.0,490239.3651677421,4881791.330474854,False,,,False
POS49237,douglas_fir,14.0,490243.34710018884,4881790.822864617,False,,,False
POS49240,douglas_fir,13.0,490244.2156712189,4881782.706499208,False,,,False
POS49241,douglas_fir,16.0,490244.06928920187,4881780.614285666,False,,,False
POS49242,douglas_fir,13.0,490243.9353527735,4881778.104934209,False,,,False
POS49243,douglas_fir,20.0,490244.0287021517,4881774.976150115,False,,,False
POS49245,douglas_fir,16.0,490373.0836620431,4882192.662233087,False,,,False
POS49248,douglas_fir,22.0,490399.5938244514,4881999.170156304,False,,,False
POS49249,douglas_fir,22.0,490397.7751980254,4882011.457161098,False,,,False
POS49250,douglas_fir,40.0,490375.2960476994,4882028.546554952,False,,,False
POS49254,maple,3.0,491272.3413431571,4882132.170194918,False,,,False
POS49255,maple,2.0,491263.5209893474,4882144.613178707,False,,,False
POS49256,maple,8.0,491256.05198189866,4882132.519367545,False,,,False
POS49257,maple,7.0,491247.3264952062,4882140.690392516,False,,,False
POS49258,maple,5.0,491240.7676209507,4882144.5491732005,False,,,False
POS49259,maple,4.0,491321.59713781084,4881505.033077858,False,,,False
POS49261,maple,3.0,491291.16206870263,4881492.585081837,False,,,False
POS49262,maple,5.0,491285.2271276342,4881489.800233662,False,,,False
POS49263,maple,5.0,491279.28621205455,4881487.215611828,False,,,False
POS49264,maple,4.0,491227.4183640067,4881457.383120628,False,,,False
POS49274,oak,18.0,491113.1675452203,4881302.0210015215,False,,,False
POS49275,oak,16.0,491103.3410545777,4881280.533207156,False,,,False
POS49276,oak,16.0,491097.1215720385,4881265.7274905685,False,,,False
POS49277,oak,18.0,491091.400000597,4881251.6289462745,False,,,False
POS49278,oak,20.0,491082.57977255504,4881231.208898596,False,,,False
POS49311,maple,7.0,490884.782390799,4882017.652633407,False,,,False
POS49313,maple,9.0,490847.27943161334,4882001.9288374195,False,,,False
POS49314,maple,6.0,490852.23051918676,4881986.324425796,False,,,False
POS49315,maple,8.0,490841.11115622846,4881995.381257206,False,,,False
POS49316,maple,10.0,490822.941219003,4881975.018492846,False,,,False
POS49317,maple,5.0,490838.41479222133,4881970.36846967,False,,,False
POS49320,maple,6.0,490828.2843664305,4881960.260295728,False,,,False
POS49321,maple,10.0,490814.6400416318,4881945.561180432,False,,,False
POS49329,maple,8.0,490821.5947392989,4881918.750104235,False,,,False
POS49330,maple,8.0,490837.69207195233,4881896.697113864,False,,,False
POS49331,maple,7.0,490840.9140498577,4881911.085258502,False,,,False
POS49332,maple,11.0,490856.2493077572,4881907.578633376,False,,,False
POS49333,maple,12.0,490866.59562110703,4881892.969414861,False,,,False
POS49334,maple,9.0,490871.30773285974,4881906.358698666,False,,,False
POS49335,maple,14.0,490874.5479375184,4881892.163567352,False,,,False
POS49342,oak,24.0,490933.6060925578,4881926.682313968,False,,,False
POS49354,oak,5.0,490915.65094533487,4881739.636202801,False,,,False
POS49355,maple,17.0,490922.0035700012,4881736.539875952,False,,,False
POS49358,maple,12.0,490979.96166214056,4881750.937778744,False,,,False
POS49359,maple,4.0,490986.98512186407,4881750.528727964,False,,,False
POS49360,maple,7.0,491000.1710737464,4881750.922164866,False,,,False
POS49361,maple,4.0,491007.9508021556,4881752.80382972,False,,,False
POS49362,maple,13.0,491007.44604027685,4881740.501997731,False,,,False
POS49366,maple,14.0,491034.36357301986,4881707.297001553,False,,,False
POS49367,maple,6.0,491037.73614597204,4881749.774468126,False,,,False
POS49368,maple,5.0,491028.2404924642,4881763.926157935,False,,,False
POS49369,maple,6.0,491021.7397965367,4881774.455128357,False,,,False
POS49370,maple,3.0,491012.30081837013,4881762.522635154,False,,,False
POS49371,maple,5.0,491003.36323395075,4881782.155596751,False,,,False
POS49373,maple,5.0,491040.08561486274,4881767.785066065,False,,,False
POS49374,maple,2.0,491052.8748667611,4881774.559508674,False,,,False
POS49375,maple,14.0,491064.0905308672,4881764.517730492,False,,,False
POS49376,oak,18.0,491095.11080559326,4881779.981926739,False,,,False
POS49377,maple,2.0,491105.41728650377,4881786.334582648,False,,,False
POS49380,maple,2.0,491176.56214920664,4881737.157970751,False,,,False
POS49381,oak,20.0,491168.2685718026,4881748.180474307,False,,,False
POS49382,oak,20.0,491157.03886476357,4881750.375319057,False,,,False
POS49394,oak,5.0,491248.63170022133,4881809.9232425755,False,,,False
POS49395,oak,8.0,491239.8424787212,4881806.76042455,False,,,False
POS49397,maple,12.0,491207.97656436043,4881811.429627483,False,,,False
POS49404,maple,2.0,491187.59225139755,4881932.561742783,False,,,False
POS49405,maple,2.0,491187.4962434806,4881926.666650986,False,,,False
POS49411,sycamore,8.0,491119.4930233034,4881994.07416781,False,,,False
POS49412,sycamore,11.0,491109.67668037623,4882001.033024673,False,,,False
POS49413,oak,9.0,491068.8116321957,4881964.007734591,False,,,False
POS49415,oak,10.0,491048.67210144864,4881973.650037514,False,,,False
POS49428,maple,6.0,491343.7253891,4881511.141074777,False,,,False
POS51843,maple,24.0,491261.79016045737,4882469.38182497,False,,,False
POS53233,maple,28.0,491166.2260500117,4882397.424182348,False,,,False
POS53234,maple,95.0,491166.4205745684,4882399.149521592,False,,,False
POS53243,maple,29.0,491162.3778700386,4882397.028755131,False,,,False
POS53244,maple,10.0,491163.394530854,4882399.4103380395,False,,,False
POS53245,maple,16.0,491158.08329715295,4882399.813373631,False,,,False
POS53247,maple,13.0,491157.73582189955,4882406.176835537,False,,,False
POS53248,maple,14.0,491156.4652897837,4882407.407051413,False,,,False
POS53249,maple,17.0,491151.530298557,4882405.58686786,False,,,False
POS53250,maple,18.0,491150.66342240246,4882407.841048575,False,,,False
POS53252,maple,12.0,491194.45175974624,4882411.3820456,False,,,False
POS53253,maple,12.0,491191.5835649882,4882411.500568723,False,,,False
POS53254,maple,29.0,491191.38187670463,4882412.81047753,False,,,False
POS53255,maple,19.0,491191.276873866,4882415.009089236,False,,,False
POS53256,maple,19.0,491201.5205545351,4882414.470422488,False,,,False
POS53258,maple,18.0,491201.6566109045,4882406.659623152,False,,,False
POS53261,maple,17.0,491204.1193829518,4882405.06357328,False,,,False
POS53262,maple,22.0,491205.74469827063,4882417.216715617,False,,,False
POS53263,maple,14.0,491205.5650987664,4882419.039793893,False,,,False
POS53264,maple,9.0,491209.9967592964,4882420.887460531,False,,,False
POS53265,maple,9.0,491259.9273742448,4882469.949855552,False,,,False
POS53266,maple,16.0,491259.0987476321,4882471.58906449,False,,,False
POS53267,oregon_ash,11.0,491217.0381771057,4882421.24356526,False,,,False
POS53268,oregon_ash,8.0,491217.2940997104,4882420.586087966,False,,,False
POS53269,maple,32.0,491221.73372854,4882417.330488799,False,,,False
POS53270,maple,12.0,491218.5830763187,4882417.303280971,False,,,False
POS53271,maple,19.0,491221.4680247213,4882415.631226351,False,,,False
POS53272,maple,11.0,491209.99259717204,4882424.740414601,False,,,False
POS53273,maple,7.0,491208.92380027426,4882425.537240686,False,,,False
POS53274,maple,16.0,491208.55253174505,4882426.306778632,False,,,False
POS53275,maple,14.0,491208.85327857465,4882427.096368158,False,,,False
POS53276,maple,7.0,491209.8119845144,4882427.569383026,False,,,False
POS53279,maple,15.0,491236.2043597179,4882435.102215907,False,,,False
POS53281,maple,36.0,491238.2941107888,4882433.56023747,False,,,False
POS53282,maple,32.0,491242.2598277403,4882429.443380851,False,,,False
POS53283,maple,14.0,491240.48105551524,4882441.241846019,False,,,False
POS53284,maple,40.0,491243.47691269574,4882443.64498345,False,,,False
POS53285,maple,16.0,491244.0172199693,4882444.7008262295,False,,,False
POS53286,maple,21.0,491243.2798224888,4882446.778166223,False,,,False
POS53287,maple,23.0,491243.69398555486,4882452.048230449,False,,,False
POS53291,maple,6.0,491257.14745442383,4882482.969172269,False,,,False
POS53292,maple,18.0,491259.7383626465,4882481.5127491215,False,,,False
POS53293,maple,21.0,491263.72788218246,4882481.390783952,False,,,False
POS53294,oregon_ash,4.0,491259.1089999165,4882486.927079594,False,,,False
POS53295,maple,20.0,491265.3189915654,4882486.150654582,False,,,False
POS53296,maple,19.0,491254.2228353197,4882490.2070547715,False,,,False
POS53297,maple,7.0,491262.28628095106,4882491.585075483,False,,,False
POS53298,maple,12.0,491260.92410432216,4882492.310646147,False,,,False
POS53299,maple,14.0,491261.67280296463,4882493.346806293,False,,,False
POS53300,maple,9.0,491269.6888840823,4882496.523350082,False,,,False
POS53301,maple,13.0,491270.70570915786,4882498.165422643,False,,,False
POS53302,maple,9.0,491267.63024930074,4882500.179599057,False,,,False
POS53303,maple,17.0,491270.37718952325,4882502.211101764,False,,,False
POS53304,maple,14.0,491261.0734580376,4882502.115399688,False,,,False
POS53305,maple,17.0,491259.58444808045,4882504.098811228,False,,,False
POS53306,maple,8.0,491259.7932470583,4882504.936858104,False,,,False
POS53307,maple,13.0,491262.44806438626,4882504.834169144,False,,,False
POS53308,maple,6.0,491264.13979431137,4882505.638662297,False,,,False
POS53309,maple,7.0,491265.35113667237,4882505.986612718,False,,,False
POS53311,maple,4.0,491266.13993509545,4882510.950748193,False,,,False
POS53312,maple,10.0,491267.1719522597,4882511.125144516,False,,,False
POS53313,oregon_ash,7.0,491213.6490960843,4882414.738711731,False,,,False
POS53314,oregon_ash,5.0,491210.2857964127,4882414.035945387,False,,,False
POS53316,maple,4.0,491209.5020663301,4882408.637151127,False,,,False
POS53317,maple,17.0,491213.00363772875,4882408.714230415,False,,,False
POS53318,maple,26.0,491175.1627199378,4882552.857665169,False,,,False
POS53319,maple,9.0,491175.51604512776,4882551.466179621,False,,,False
POS53320,maple,28.0,491181.01996366563,4882550.788888019,False,,,False
POS53321,maple,14.0,491182.55586416053,4882551.520529741,False,,,False
POS53322,maple,9.0,491183.24695860903,4882550.294525623,False,,,False
POS53323,maple,10.0,491183.40209992265,4882549.27103416,False,,,False
POS53325,maple,21.0,491251.7384048906,4882462.704070973,False,,,False
POS53326,maple,18.0,491254.47814531706,4882463.522334457,False,,,False
POS53327,maple,14.0,491258.6743003173,4882461.411894549,False,,,False
POS53328,maple,14.0,491259.83654876717,4882464.279931071,False,,,False
POS53329,maple,12.0,491252.27854701324,4882465.796449915,False,,,False
POS53335,maple,6.0,491186.2294670319,4882551.630142293,False,,,False
POS53337,maple,4.0,491189.5361027637,4882548.363438081,False,,,False
POS53338,maple,16.0,491189.82603587327,4882544.913819927,False,,,False
POS53339,maple,12.0,491195.1459356057,4882550.400461135,False,,,False
POS53340,maple,6.0,491194.2983345949,4882547.477412563,False,,,False
POS53341,maple,16.0,491201.93918175227,4882546.649778477,False,,,False
POS53342,maple,12.0,491199.98166683456,4882546.310464661,False,,,False
POS53343,maple,3.0,491200.75917953503,4882545.620149764,False,,,False
POS53344,maple,38.0,491207.66711196094,4882544.507641869,False,,,False
POS53346,maple,18.0,491214.0043324283,4882542.232182289,False,,,False
POS53347,maple,10.0,491215.4431987189,4882542.556020751,False,,,False
POS53355,maple,11.0,491346.662232352,4882483.358786466,False,,,False
POS53405,maple,8.0,491257.6790215394,4882472.118514107,False,,,False
POS53406,maple,10.0,491246.3659631044,4882468.791493844,False,,,False
POS53407,maple,13.0,491247.6064395128,4882472.519981766,False,,,False
POS53408,maple,12.0,491247.15932714316,4882473.572462298,False,,,False
POS53409,maple,12.0,491247.4553537712,4882474.101305651,False,,,False
POS53410,maple,15.0,491247.73942008166,4882477.64515295,False,,,False
POS53411,maple,10.0,491251.5063831622,4882481.214921561,False,,,False
POS53412,maple,20.0,491258.3338375747,4882476.3245370155,False,,,False
POS53489,maple,40.0,491251.71700788476,4882496.456812977,False,,,False
POS53491,maple,36.0,491186.9142489118,4882412.952478358,False,,,False
POS53493,oregon_ash,12.0,491248.55914941576,4882485.7385747135,False,,,False
POS53494,maple,10.0,491244.969704519,4882484.370247227,False,,,False
POS53496,maple,16.0,491243.48732799146,4882478.975908161,False,,,False
POS53499,oregon_ash,12.0,491248.5776277239,4882485.4142195275,False,,,False
POS53500,maple,10.0,491244.8732919231,4882484.05556418,False,,,False
POS53502,maple,16.0,491243.321299923,4882478.547745668,False,,,False
POS55019,pine,24.0,490361.3112285646,4882027.672395104,False,,,False
POS55020,douglas_fir,20.0,490400.0332566395,4881990.602382483,False,,,False
POS55021,douglas_fir,30.0,490399.2927866967,4881974.589645064,False,,,False
POS55022,douglas_fir,20.0,490399.3449106516,4881967.737952287,False,,,False
POS55206,maple,10.0,492107.7318259227,4880899.5656796545,False,,,False
POS55427,oregon_ash,10.0,490445.12275410356,4881245.316094371,False,,,False
POS55429,pine,3.0,490456.8016094015,4881251.500585121,False,,,False
POS55435,maple,8.0,490441.7719230148,4881339.095105804,False,,,False
POS55436,maple,11.0,490442.36178328947,4881343.655210342,False,,,False
POS55437,douglas_fir,23.0,490434.7684235678,4881345.803107833,False,,,False
POS55786,oak,6.0,491318.11888731876,4882210.692332622,False,,,False
POS55795,western_hemlock,13.0,490943.2701012,4882596.400761012,False,,,False
POS56578,maple,69.0,492082.9562099347,4880872.672731597,False,,,False
POS57067,oak,50.0,491449.67724836053,4881498.380075682,False,,,False
POS57068,oak,39.0,491453.26927460055,4881498.5930598155,False,,,False
POS57069,oak,34.0,491456.34527935873,4881498.367336933,False,,,False
POS57070,oak,356.0,491419.12101885356,4881497.362513499,False,,,False
POS57071,oak,39.0,491425.13254575856,4881497.647692176,False,,,False
POS57072,oak,43.0,491410.9766856903,4881497.250200107,False,,,False
POS57412,oak,24.0,491302.1071373996,4882100.948977085,False,,,False
POS57413,maple,17.0,491293.187758921,4882098.6729957545,False,,,False
POS59397,oak,1.0,491063.46146682167,4880678.672768073,False,,,False
POS59607,oak,1.0,491058.73008022294,4880632.806258364,False,,,False
POS62336,maple,5.0,491657.4046593989,4882006.352378953,False,,,False
POS62340,oak,3.0,491466.3835205859,4882072.759638134,False,,,False
POS62341,oak,8.0,491464.97814525483,4882080.171161259,False,,,False
POS62343,maple,13.0,492139.2858162991,4881519.419272728,False,,,False
POS62553,maple,7.0,491070.40321046184,4882021.106346224,False,,,False
POS62554,maple,9.0,491060.9950476532,4882011.536429739,False,,,False
POS62557,oak,5.0,491292.9483491107,4882218.119657627,False,,,False
POS62560,maple,8.0,491077.2368875577,4882026.819665208,False,,,False
POS62837,oak,1.0,491070.521942955,4880695.460448607,False,,,False
POS62838,oak,1.0,491089.1381680882,4880659.191608612,False,,,False
POS62845,oak,1.0,491161.7411795624,4880625.65626222,False,,,False
POS62866,oak,1.0,491255.1440478942,4880731.627902971,False,,,False
POS62921,maple,15.0,491035.96378365526,4880830.235437271,False,,,False
POS62923,green_ash,18.0,491119.0830314732,4881193.142265395,False,,,False
POS62924,green_ash,17.0,491128.21215022623,4881193.483961976,False,,,False
POS62925,green_ash,17.0,491137.00730262266,4881193.415384474,False,,,False
POS62926,green_ash,13.0,491144.8684675107,4881193.546744103,False,,,False
POS62927,green_ash,15.0,491154.09645141655,4881193.433880501,False,,,False
POS62928,green_ash,17.0,491163.2970050902,4881192.825987066,False,,,False
POS62929,green_ash,15.0,491171.6053732708,4881192.72968529,False,,,False
POS62930,green_ash,15.0,491181.122974159,4881192.934871209,False,,,False
POS62931,green_ash,15.0,491190.3887705419,4881192.627232122,False,,,False
POS62932,green_ash,15.0,491199.14984766365,4881192.29973321,False,,,False
POS62939,maple,55.0,491122.6975456818,4881257.986228106,False,,,False
POS62940,maple,50.0,491129.0530258603,4881273.385316937,False,,,False
POS62941,maple,8.0,491540.5660078972,4881702.117891089,False,,,False
POS62942,maple,9.0,491523.0491793178,4881691.85729183,False,,,False
POS62943,maple,2.0,491655.0933402696,4881753.953352254,False,,,False
POS62944,oak,12.0,491558.9787572991,4881712.123718003,False,,,False
POS62947,maple,15.0,491580.174133459,4882034.567038266,False,,,False
POS62948,maple,8.0,491565.81519925274,4882055.554436736,False,,,False
POS62949,maple,8.0,491560.35746326484,4882069.148374964,False,,,False
POS62952,maple,8.0,491514.1432926296,4882090.580377642,False,,,False
POS62955,maple,8.0,491512.7620552457,4882076.082457594,False,,,False
POS62956,green_ash,5.0,491520.2388061071,4882072.0643654205,False,,,False
POS62957,maple,8.0,491526.3441237355,4882072.024536415,False,,,False
POS62958,maple,11.0,491518.56369503227,4882009.915062905,False,,,False
POS62960,maple,8.0,491467.1737234869,4882036.192740508,False,,,False
POS62961,green_ash,8.0,491450.1444223034,4882150.152625791,False,,,False
POS62962,green_ash,7.0,491446.9614206439,4882166.817100473,False,,,False
POS62963,green_ash,7.0,491442.569075787,4882173.883689491,False,,,False
POS62966,maple,2.0,491373.56912626245,4882240.329759366,False,,,False
POS62967,maple,10.0,491420.3020604957,4882266.586114888,False,,,False
POS62968,maple,8.0,491429.1111313267,4882271.281856547,False,,,False
POS62969,oak,11.0,491454.4615003455,4882282.909800696,False,,,False
POS62970,oak,8.0,491458.5432754031,4882284.723230214,False,,,False
POS62971,maple,7.0,491472.1883328928,4882293.47795258,False,,,False
POS62972,green_ash,10.0,491493.5972057774,4882310.411600982,False,,,False
POS62975,green_ash,7.0,491372.4387555022,4882258.241502898,False,,,False
POS62976,green_ash,8.0,491354.91570441605,4882250.502593394,False,,,False
POS62977,green_ash,9.0,491340.08787780383,4882240.572858392,False,,,False
POS62978,green_ash,6.0,491273.6120083006,4882210.0874404255,False,,,False
POS62979,green_ash,6.0,491268.3485183313,4882207.740741794,False,,,False
POS62986,maple,11.0,491356.3565493851,4882152.304437021,False,,,False
POS62987,green_ash,9.0,491323.92855465814,4882217.7724271305,False,,,False
POS62988,green_ash,10.0,491342.83402264334,4882226.306100742,False,,,False
POS62989,oak,8.0,491615.2573277464,4881915.561318951,False,,,False
POS62990,dogwood,2.0,491452.02181802137,4881916.563074951,False,,,False
POS62991,maple,11.0,491380.2940926313,4881989.375829415,False,,,False
POS62992,maple,11.0,491375.5747806448,4881981.73825175,False,,,False
POS62994,maple,9.0,491352.8280978522,4882002.677987937,False,,,False
POS62996,green_ash,6.0,491314.1000250161,4882012.951748755,False,,,False
POS63001,maple,4.0,491284.4239069522,4882039.36084562,False,,,False
POS63002,oak,7.0,491292.71200976777,4882055.718490685,False,,,False
POS63003,oak,6.0,491290.7764852584,4882064.220619671,False,,,False
POS63004,oak,9.0,491289.822822861,4882073.743566556,False,,,False
POS63005,green_ash,8.0,491276.1806902726,4882056.917260946,False,,,False
POS63006,green_ash,7.0,491278.8414319725,4882050.2215088485,False,,,False
POS63007,maple,10.0,490879.048980809,4882015.35301875,False,,,False
POS63008,maple,10.0,490873.2443198777,4882010.011813156,False,,,False
POS63009,maple,10.0,490865.30061778455,4882000.132388659,False,,,False
POS63010,maple,11.0,490835.0070077375,4881986.587242054,False,,,False
POS63011,maple,10.0,490754.7606225555,4881908.472993707,False,,,False
POS63013,maple,7.0,490893.6691186542,4881885.220228013,False,,,False
POS63014,maple,3.0,490897.09977525467,4881881.684910488,False,,,False
POS63015,maple,12.0,490899.04271762405,4881878.852819827,False,,,False
POS63020,green_ash,12.0,490911.17457545636,4881844.824452829,False,,,False
POS63022,maple,9.0,491028.0941631066,4881729.476531909,False,,,False
POS63023,dogwood,4.0,491039.8182505433,4881745.402095521,False,,,False
POS63025,oak,21.0,491099.94734474574,4881802.677333308,False,,,False
POS63027,maple,4.0,491134.1886264436,4881796.214556652,False,,,False
POS63030,green_ash,4.0,491251.73670217936,4881796.184387602,False,,,False
POS63032,oak,19.0,491304.19729463063,4881841.980687855,False,,,False
POS63033,oak,20.0,491298.55150346016,4881856.30714224,False,,,False
POS63034,oak,26.0,491161.21685331466,4881333.032582977,False,,,False
POS63035,oak,19.0,491182.8395980276,4881365.949408841,False,,,False
POS63036,oak,20.0,491186.4975195386,4881371.508279772,False,,,False
POS63037,oak,18.0,491203.1647980469,4881390.424223877,False,,,False
POS63038,oak,26.0,491210.26209576364,4881398.841982609,False,,,False
POS63039,oak,23.0,491341.25726076105,4881483.256099589,False,,,False
POS63040,oak,26.0,491349.94701475516,4881485.797940854,False,,,False
POS63041,oak,43.0,491543.04174190277,4881489.218000019,False,,,False
POS63042,oak,53.0,491551.1978369936,4881486.318698907,False,,,False
POS63043,oak,44.0,491570.4110232403,4881482.22829699,False,,,False
POS63046,oak,23.0,491352.52657157194,4881607.693454621,False,,,False
POS63058,douglas_fir,24.0,491335.25814343704,4881646.843175962,False,,,False
POS63059,douglas_fir,24.0,491332.9004346547,4881650.163001033,False,,,False
POS63060,douglas_fir,24.0,491330.0058863405,4881653.376505623,False,,,False
POS63061,maple,12.0,491324.8668492535,4881664.296311009,False,,,False
POS63062,maple,12.0,491321.6527173012,4881669.436122679,False,,,False
POS63063,douglas_fir,24.0,491319.37016426335,4881676.135765179,False,,,False
POS63070,maple,25.0,491444.2735265072,4881763.702054174,False,,,False
POS63071,douglas_fir,12.0,491309.689408403,4881717.76563517,False,,,False
POS63073,maple,13.0,491292.2051842671,4881729.664608737,False,,,False
POS63077,maple,15.0,492139.03192680003,4881451.476062936,False,,,False
POS63155,dogwood,4.0,492163.4332222955,4881052.057143623,False,,,False
POS63163,maple,1.0,492208.3400625539,4881143.562319938,False,,,False
POS63227,maple,3.0,491879.3994950946,4880627.201187421,False,,,False
POS63228,douglas_fir,28.0,491898.152365089,4880673.197297345,False,,,False
POS63229,douglas_fir,25.0,491901.4931052245,4880682.930822747,False,,,False
POS63230,maple,17.0,491905.2652781603,4880694.268861091,False,,,False
POS63231,pine,18.0,491907.99410547595,4880706.039876989,False,,,False
POS63232,dogwood,10.0,491912.2390149859,4880729.609220866,False,,,False
POS63233,maple,8.0,491911.3360317287,4880778.047260693,False,,,False
POS63234,douglas_fir,36.0,491914.63762904913,4880795.537004476,False,,,False
POS63235,dogwood,4.0,491917.0152354351,4880810.478714259,False,,,False
POS63237,douglas_fir,25.0,491886.254108939,4880907.299964204,False,,,False
POS63238,douglas_fir,22.0,491885.82278310216,4880905.8024577,False,,,False
POS63242,maple,31.0,491890.52340476535,4880896.747002911,False,,,False
POS63244,dogwood,8.0,491876.254503812,4880925.224814137,False,,,False
POS63247,dogwood,1.0,491835.3994137887,4880940.426595122,False,,,False
POS63253,western_hemlock,22.0,491927.17395217926,4881028.604085904,False,,,False
POS63254,dogwood,4.0,491946.88360661705,4881046.520435543,False,,,False
POS63255,dogwood,5.0,491950.64088987786,4881045.873835433,False,,,False
POS63259,maple,1.0,492062.1058801751,4880967.647643048,False,,,False
POS63260,maple,1.0,492060.3899897253,4880969.361782285,False,,,False
POS63266,maple,7.0,492062.37313656346,4880651.758644962,False,,,False
POS63269,oak,26.0,492083.5461794494,4880687.441823559,False,,,False
POS63270,oak,40.0,492087.26701868663,4880685.764611505,False,,,False
POS63271,maple,15.0,492092.93538973096,4880688.266916325,False,,,False
POS63272,maple,3.0,492072.6596971175,4880764.694865651,False,,,False
POS63273,oak,30.0,492098.01655429834,4880688.262237414,False,,,False
POS63277,douglas_fir,13.0,492112.084579492,4880689.422454072,False,,,False
POS63278,douglas_fir,11.0,492113.3733713171,4880689.634916709,False,,,False
POS63279,oak,36.0,492114.2309479468,4880688.45677774,False,,,False
POS63283,douglas_fir,11.0,492110.45952534536,4880689.077754157,False,,,False
POS63284,dogwood,4.0,492166.1909523652,4880781.036227489,False,,,False
POS63285,douglas_fir,11.0,492134.3059149383,4880696.004598744,False,,,False
POS63286,douglas_fir,12.0,492131.8207252727,4880683.059822587,False,,,False
POS63287,maple,2.0,492139.32110523316,4880669.56800146,False,,,False
POS63289,douglas_fir,11.0,492149.0603418758,4880642.483651993,False,,,False
POS63293,oak,1.0,492149.1664780443,4880641.413492663,False,,,False
POS63294,maple,1.0,492151.08808821643,4880631.994500715,False,,,False
POS63295,maple,1.0,492151.51518157654,4880629.960894894,False,,,False
POS63315,oak,27.0,491872.51016389526,4880861.974261273,False,,,False
POS63321,western_hemlock,20.0,491997.92318882246,4880869.0005971845,False,,,False
POS63322,maple,22.0,492050.63367709523,4880857.851977111,False,,,False
POS63323,oak,15.0,492129.86374931986,4880856.2012481885,False,,,False
POS63327,pine,6.0,492141.2084608374,4880868.277765239,False,,,False
POS63334,dogwood,13.0,492204.49769311637,4880855.415707003,False,,,False
POS63780,oak,28.0,491984.4315867018,4880634.731773518,False,,,False
POS63782,douglas_fir,31.0,491985.6485070317,4880657.017936643,False,,,False
POS63783,douglas_fir,35.0,491985.07410460577,4880651.447759182,False,,,False
POS63785,douglas_fir,26.0,491987.89538246725,4880699.8563375585,False,,,False
POS63786,douglas_fir,35.0,491990.13854861684,4880735.928857561,False,,,False
POS63787,douglas_fir,49.0,491989.72248614195,4880715.709146846,False,,,False
POS63789,douglas_fir,5.0,491974.48280469637,4880835.191815249,False,,,False
POS63790,maple,4.0,491971.68498416047,4880831.4904398825,False,,,False
POS63791,douglas_fir,20.0,491971.04020771204,4880826.438777542,False,,,False
POS63792,douglas_fir,24.0,491971.02847348776,4880816.808393657,False,,,False
POS63793,dogwood,1.0,491986.74855190626,4880815.29373683,False,,,False
POS63794,douglas_fir,22.0,491970.0517578848,4880808.356243592,False,,,False
POS63796,douglas_fir,18.0,491971.6675023431,4880741.719631455,False,,,False
POS63798,pine,5.0,491972.18721022806,4880710.224667295,False,,,False
POS63799,oak,35.0,491972.24057159596,4880688.999137884,False,,,False
POS76146,maple,24.0,491953.4338754399,4881214.1605306575,False,,,False
POS76147,maple,22.0,491965.5339016812,4881214.018285407,False,,,False
POS76148,pine,23.0,491970.7427948123,4881210.456833061,False,,,False
POS76150,douglas_fir,16.0,491978.9740265771,4881209.064716342,False,,,False
POS76151,douglas_fir,17.0,491985.28228722943,4881210.890694223,False,,,False
POS76152,pine,15.0,491981.4107053644,4881215.280570348,False,,,False
POS76153,oregon_ash,46.0,491987.0136922016,4881214.092333053,False,,,False
POS76155,douglas_fir,13.0,491996.1270916619,4881210.58399088,False,,,False
POS76156,douglas_fir,17.0,492000.0427438779,4881210.26022461,False,,,False
POS76157,maple,32.0,492009.9552104079,4881211.626340055,False,,,False
POS76158,maple,31.0,492013.9895369805,4881211.558221068,False,,,False
POS76159,maple,21.0,492011.9725499438,4881209.481786674,False,,,False
POS76160,pine,15.0,492020.8418923584,4881209.936354789,False,,,False
POS76161,maple,6.0,492025.97490414645,4881206.813249101,False,,,False
POS76162,pine,6.0,492024.6182177631,4881210.049041468,False,,,False
POS76163,pine,24.0,492028.7743907404,4881210.110161493,False,,,False
POS76164,maple,9.0,491920.60236583685,4881217.134627776,False,,,False
POS76166,pine,12.0,492032.63567763584,4881210.019778738,False,,,False
POS76167,pine,12.0,492034.06593807024,4881208.551022981,False,,,False
POS76168,pine,12.0,492035.8549110094,4881209.927337329,False,,,False
POS76169,pine,25.0,492040.151798507,4881209.48874471,False,,,False
POS76170,maple,11.0,492041.17893266125,4881205.879109962,False,,,False
POS76171,pine,17.0,492051.2426467258,4881209.37848931,False,,,False
POS76172,douglas_fir,18.0,492065.2387845422,4881206.89817203,False,,,False
POS76175,oak,33.0,492087.77903904347,4881198.877680543,False,,,False
POS77341,pine,13.0,492144.5853475322,4882371.776453991,False,,,False
POS77400,oregon_ash,16.0,491893.67714179266,4880890.615460494,False,,,False
POS77525,green_ash,19.0,490228.6669957833,4880760.42369183,False,,,False
POS77526,green_ash,21.0,490235.6889989562,4880760.429394523,False,,,False
POS78816,oak,15.0,491010.882783236,4881900.442338551,False,,,False
POS79015,western_hemlock,22.0,491984.6467527068,4880799.943246973,False,,,False
POS79017,maple,42.0,491987.71277869097,4880835.659202999,False,,,False
POS79027,maple,55.0,490440.3388688606,4881843.618225221,False,,,False
POS79276,maple,50.0,490849.94233284064,4880782.797667124,False,,,False
POS79277,maple,50.0,490859.95854289155,4880752.470473049,False,,,False
POS85558,oregon_ash,2.0,491637.0688581187,4881152.7617688365,False,,,False
POS85560,oregon_ash,2.0,491625.814977275,4881254.9688552795,False,,,False
POS85565,oregon_ash,2.0,491627.711275992,4881268.168044474,False,,,False
POS85571,oregon_ash,2.0,491621.07865105325,4881205.838385945,False,,,False
POS85573,oregon_ash,2.0,491619.383546479,4881203.216445195,False,,,False
POS85574,oregon_ash,2.0,491620.71656549687,4881199.490133559,False,,,False
POS85590,oregon_ash,2.0,491633.3509405601,4881310.447702346,False,,,False
POS85592,oregon_ash,2.0,491627.45233748486,4881241.023087708,False,,,False
POS85593,oregon_ash,2.0,491626.57737094694,4881248.307149276,False,,,False
POS85596,oregon_ash,3.0,491644.64003159787,4881349.040942115,False,,,False
POS85597,oregon_ash,1.0,491646.9144359694,4881354.032721921,False,,,False
POS85603,oregon_ash,3.0,491650.2632030896,4881367.612756264,False,,,False
POS85604,oregon_ash,2.0,491647.3345558063,4881367.819874169,False,,,False
POS85611,oregon_ash,3.0,491700.59509223286,4881502.94897451,False,,,False
POS85614,oregon_ash,8.0,491651.17884669045,4881377.753210267,False,,,False
POS85621,oregon_ash,7.0,491657.69297931704,4881380.545447154,False,,,False
POS85630,oregon_ash,4.0,491713.4154196916,4881539.333237295,False,,,False
POS85631,oregon_ash,3.0,491712.26592253166,4881542.402106715,False,,,False
POS85632,oregon_ash,4.0,491660.9313916231,4881393.138565238,False,,,False
POS85635,oregon_ash,3.0,491720.4292133008,4881556.22950004,False,,,False
POS85637,oregon_ash,3.0,491721.7651357075,4881562.074493516,False,,,False
POS85638,oregon_ash,3.0,491668.7295568534,4881401.266037932,False,,,False
POS85640,oregon_ash,3.0,491671.3332777243,4881413.201502054,False,,,False
POS85642,oregon_ash,3.0,491670.94257913955,4881405.429366708,False,,,False
POS85643,oregon_ash,3.0,491730.3199136466,4881574.129728129,False,,,False
POS85920,oregon_ash,1.0,490728.73834925477,4880635.387512533,False,,,False
POS85923,maple,2.0,490712.84763735527,4880626.05715823,False,,,False
POS85925,maple,3.0,490712.26562952745,4880632.981365859,False,,,False
POS85927,maple,3.0,490707.63725355593,4880630.737815964,False,,,False
POS85930,maple,2.0,490711.03262621444,4880635.896350146,False,,,False
POS85932,maple,4.0,490707.9570712153,4880638.767958272,False,,,False
POS85941,maple,5.0,490699.16489386786,4880635.421648329,False,,,False
POS85943,oregon_ash,1.0,490724.4250092816,4880649.699974269,False,,,False
POS85944,oregon_ash,2.0,490731.7555607381,4880649.328982449,False,,,False
POS85946,oak,3.0,490732.6457383359,4880645.848155553,False,,,False
POS85952,oregon_ash,2.0,490719.13888154423,4880665.291542853,False,,,False
POS85953,maple,7.0,490704.0017878565,4880668.841495011,False,,,False
POS85954,oak,4.0,490723.17290762207,4880666.339729708,False,,,False
POS85956,maple,4.0,490701.12855715683,4880676.56896013,False,,,False
POS85957,oregon_ash,2.0,490718.50888706016,4880672.335921019,False,,,False
POS85958,oregon_ash,2.0,490683.40739862365,4880763.6212768955,False,,,False
POS85959,maple,3.0,490695.8892428085,4880683.781117076,False,,,False
POS85960,oak,2.0,490725.4783846549,4880674.7918267,False,,,False
POS85961,maple,2.0,490668.9043014978,4880750.1256262995,False,,,False
POS85963,oak,3.0,490725.63055005093,4880676.338205148,False,,,False
POS85965,maple,3.0,490661.24244214135,4880749.1158003025,False,,,False
POS85966,maple,1.0,490683.7641476599,4880676.739174168,False,,,False
POS85967,oak,3.0,490726.2337694091,4880677.0955218375,False,,,False
POS85968,oak,3.0,490724.9954610092,4880677.537186117,False,,,False
POS85970,maple,3.0,490663.24206069193,4880733.032364781,False,,,False
POS85971,maple,3.0,490661.4003814335,4880742.176741575,False,,,False
POS85972,maple,1.0,490670.74625744286,4880733.32356908,False,,,False
POS85975,oak,2.0,490725.77239248285,4880678.0629800055,False,,,False
POS85976,maple,1.0,490676.6629986877,4880726.201526755,False,,,False
POS85977,oak,2.0,490722.2229320297,4880679.097702536,False,,,False
POS85978,maple,1.0,490689.38626820804,4880680.681315325,False,,,False
POS85979,maple,5.0,490674.9764824478,4880715.837451307,False,,,False
POS85980,oregon_ash,1.0,490710.27324281336,4880692.574301108,False,,,False
POS85981,maple,1.0,490689.4716756347,4880689.351778565,False,,,False
POS85982,maple,4.0,490678.3557167987,4880709.042007041,False,,,False
POS85983,maple,2.0,490686.091705612,4880705.181024759,False,,,False
POS85984,maple,1.0,490684.26511790435,4880696.746417312,False,,,False
POS85987,maple,3.0,490681.4954592588,4880702.182415559,False,,,False
POS85988,oak,1.0,490704.29973406374,4880700.41576754,False,,,False
POS85989,maple,3.0,490678.4730987461,4880695.0094618965,False,,,False
POS85990,oak,2.0,490705.64514266816,4880704.820618647,False,,,False
POS85991,oregon_ash,3.0,490702.5770270891,4880707.399341077,False,,,False
POS85992,maple,1.0,490680.3326009233,4880683.494757123,False,,,False
POS85993,oregon_ash,2.0,490699.6950345079,4880714.384825711,False,,,False
POS85995,oregon_ash,2.0,490693.9547077238,4880729.07781839,False,,,False
POS85997,oregon_ash,1.0,490688.3988434697,4880741.767964946,False,,,False
POS86039,oregon_ash,1.0,491751.0642994256,4881602.477950551,False,,,False
POS86040,oregon_ash,1.0,491752.5356071192,4881599.174378939,False,,,False
POS86043,oregon_ash,1.0,491757.9973952991,4881605.016883008,False,,,False
POS86051,oregon_ash,1.0,491757.9181934962,4881612.309382409,False,,,False
POS86052,oregon_ash,1.0,491764.2900590918,4881612.0874068625,False,,,False
POS86053,oregon_ash,4.0,491766.25766250154,4881612.903136177,False,,,False
POS86055,oregon_ash,1.0,491768.5884987441,4881616.972176489,False,,,False
POS86056,oregon_ash,1.0,491772.04577791755,4881617.059239883,False,,,False
POS86062,oregon_ash,1.0,491777.93712047645,4881622.196445668,False,,,False
POS86069,oregon_ash,1.0,491774.80496445723,4881627.414001668,False,,,False
POS86073,oregon_ash,1.0,491780.09102816094,4881633.099658671,False,,,False
POS86074,oregon_ash,2.0,491906.83645716065,4881735.518091132,False,,,False
POS86079,oregon_ash,2.0,491906.8493304695,4881731.748792439,False,,,False
POS86083,oregon_ash,2.0,491792.5151769269,4881632.963179215,False,,,False
POS86084,oregon_ash,1.0,491896.4561223172,4881723.658089173,False,,,False
POS86086,oregon_ash,12.0,491798.9748722387,4881640.709702135,False,,,False
POS86088,oregon_ash,2.0,491890.66958314425,4881716.62746866,False,,,False
POS86089,oregon_ash,1.0,491887.11876254156,4881712.037613915,False,,,False
POS86090,oregon_ash,2.0,491885.67581586784,4881712.845775354,False,,,False
POS86091,oregon_ash,3.0,491884.3266064326,4881711.668790103,False,,,False
POS86092,dogwood,2.0,491803.748962608,4881647.513407302,False,,,False
POS86093,oregon_ash,3.0,491885.5322892905,4881709.237213128,False,,,False
POS86096,oregon_ash,2.0,491888.19286478614,4881707.32976052,False,,,False
POS86100,oregon_ash,1.0,491813.94975646766,4881655.440364794,False,,,False
POS86101,oregon_ash,3.0,491872.0351142724,4881695.734070694,False,,,False
POS86102,oregon_ash,3.0,491874.9251104108,4881692.777140485,False,,,False
POS86107,oregon_ash,2.0,491865.5088715135,4881689.748600961,False,,,False
POS86108,oregon_ash,2.0,491833.45671409275,4881666.153671253,False,,,False
POS86109,oregon_ash,2.0,491861.4378854077,4881679.671103488,False,,,False
POS86116,maple,1.0,490863.79779881175,4880737.641058851,False,,,False
POS86117,maple,2.0,490762.24878181395,4880987.9358710805,False,,,False
POS86120,maple,1.0,490747.18816633185,4881018.946759831,False,,,False
POS86124,oregon_ash,1.0,490742.75375469367,4881027.728163128,False,,,False
POS86125,maple,4.0,490828.11973391613,4880845.206279186,False,,,False
POS86126,maple,1.0,490740.88774255535,4881030.713359462,False,,,False
POS86127,oregon_ash,1.0,490738.37467561313,4881035.285187943,False,,,False
POS86128,maple,3.0,490827.0277051623,4880849.100891613,False,,,False
POS86131,maple,1.0,490822.9986066688,4880860.187946845,False,,,False
POS86133,maple,1.0,490822.34989414614,4880863.093662151,False,,,False
POS86134,oregon_ash,2.0,490718.37973643205,4881061.486837348,False,,,False
POS86135,oregon_ash,1.0,490720.34121675254,4881068.453726776,False,,,False
POS86136,oak,1.0,490818.14318300213,4880868.305674877,False,,,False
POS86137,oregon_ash,2.0,490716.92969663086,4881066.628396038,False,,,False
POS86138,oregon_ash,1.0,490717.48752431286,4881072.781486156,False,,,False
POS86139,maple,1.0,490808.6127908289,4880896.125895903,False,,,False
POS86142,oregon_ash,1.0,490794.75663495593,4880918.418015714,False,,,False
POS86143,oregon_ash,1.0,490693.1289252626,4881117.197871252,False,,,False
POS86144,oregon_ash,1.0,490793.1274269824,4880922.167396468,False,,,False
POS86145,oregon_ash,1.0,490793.55416325986,4880924.27467976,False,,,False
POS86146,oregon_ash,1.0,490691.20177590643,4881118.991114837,False,,,False
POS86149,maple,4.0,490686.3019760503,4881118.350408015,False,,,False
POS86152,maple,3.0,490684.3318009622,4881121.52200057,False,,,False
POS86154,oak,1.0,490772.41825595015,4880971.347793441,False,,,False
POS86156,maple,1.0,490683.48463415075,4881132.78169097,False,,,False
POS86159,maple,1.0,490748.5268494939,4881044.705517329,False,,,False
POS86160,maple,1.0,490740.07992445014,4881064.5947660105,False,,,False
POS86161,maple,1.0,490731.25589777424,4881067.92346837,False,,,False
POS86162,maple,1.0,490726.03039565234,4881103.225297973,False,,,False
POS86163,maple,1.0,490732.7254111933,4881110.322121198,False,,,False
POS86164,maple,1.0,490725.2190154917,4881109.766344564,False,,,False
POS86165,maple,1.0,490728.38062004093,4881116.679739215,False,,,False
POS86166,maple,1.0,490713.2286860261,4881128.667645131,False,,,False
POS86167,maple,1.0,490702.84287986596,4881120.763183935,False,,,False
POS86168,maple,1.0,490711.40765770775,4881135.323469895,False,,,False
POS86169,maple,1.0,490710.2720468588,4881142.6093597775,False,,,False
POS86170,maple,1.0,490703.5251698553,4881142.201048349,False,,,False
POS86171,maple,3.0,490689.4314703437,4881143.014364253,False,,,False
POS86172,maple,1.0,490689.95477493445,4881160.221884149,False,,,False
POS86213,oregon_ash,1.0,490671.2228937214,4880803.40861352,False,,,False
POS86214,oregon_ash,1.0,490666.5966539265,4880826.126839891,False,,,False
POS86215,maple,2.0,490617.92594202363,4880852.890445504,False,,,False
POS86216,oregon_ash,1.0,490660.3475773442,4880849.823669602,False,,,False
POS86218,maple,4.0,490597.82785606175,4880869.444100678,False,,,False
POS86219,oregon_ash,1.0,490659.2900014244,4880858.509427261,False,,,False
POS86221,oregon_ash,1.0,490655.9115312623,4880864.789979495,False,,,False
POS86222,oregon_ash,1.0,490653.00926554966,4880872.830382614,False,,,False
POS86224,maple,2.0,490596.10368486005,4880892.263113137,False,,,False
POS86226,maple,3.0,490601.56567557045,4880898.910838811,False,,,False
POS86229,maple,2.0,490591.57553569286,4880903.33157979,False,,,False
POS86231,maple,3.0,490592.863519624,4880911.108996749,False,,,False
POS86234,maple,2.0,490609.59950389824,4880916.713668387,False,,,False
POS86235,oregon_ash,2.0,490634.44566237205,4880902.430434897,False,,,False
POS86236,maple,2.0,490607.7542027309,4880923.2445700085,False,,,False
POS86237,maple,2.0,490602.49282412796,4880929.882551816,False,,,False
POS86238,oregon_ash,2.0,490628.94758622814,4880907.965427776,False,,,False
POS86239,maple,3.0,490600.0804382876,4880937.474959358,False,,,False
POS86240,maple,1.0,490595.8504025458,4880934.744485792,False,,,False
POS86241,maple,3.0,490595.1234604405,4880926.289092151,False,,,False
POS86242,maple,2.0,490595.4170542263,4880918.738268991,False,,,False
POS86243,maple,2.0,490602.6967924534,4880917.39553512,False,,,False
POS86244,maple,2.0,490553.6203659929,4881030.683020017,False,,,False
POS86245,maple,2.0,490584.81283845735,4880924.14981235,False,,,False
POS86246,oregon_ash,2.0,490542.256974602,4881029.664758556,False,,,False
POS86248,maple,1.0,490531.231264612,4881026.716826196,False,,,False
POS86249,maple,1.0,490534.8133356646,4881021.4015730005,False,,,False
POS86252,maple,2.0,490583.84153234423,4880940.773434584,False,,,False
POS86253,maple,1.0,490543.6113774108,4881026.2168857725,False,,,False
POS86254,maple,2.0,490577.7635070154,4880940.621886939,False,,,False
POS86255,maple,2.0,490580.39796647924,4880949.1586949155,False,,,False
POS86256,maple,3.0,490593.50317405234,4880958.24532142,False,,,False
POS86258,maple,1.0,490540.0722482411,4881022.249997629,False,,,False
POS86259,pine,1.0,490558.72549931024,4881017.738526206,False,,,False
POS86265,oregon_ash,1.0,490441.14389374683,4881356.876380068,False,,,False
POS86270,oregon_ash,1.0,490453.12085429014,4881391.969230317,False,,,False
POS86271,oregon_ash,1.0,490447.47075269074,4881366.756774154,False,,,False
POS86272,maple,2.0,490447.7278408899,4881389.2070628395,False,,,False
POS86276,maple,2.0,490450.03428784054,4881428.227774876,False,,,False
POS86279,maple,1.0,490448.9182863547,4881435.369442217,False,,,False
POS86284,maple,1.0,490450.93106912274,4881448.838703551,False,,,False
POS86288,maple,2.0,490451.11170030053,4881419.939429737,False,,,False
POS86292,maple,1.0,490443.2705677949,4881461.978248809,False,,,False
POS86293,maple,2.0,490452.31593068776,4881411.928774508,False,,,False
POS86296,maple,1.0,490445.98036069726,4881482.446064698,False,,,False
POS86299,maple,1.0,490434.2325140051,4881490.184437662,False,,,False
POS86305,maple,1.0,490423.9736082466,4881486.623976549,False,,,False
POS86306,maple,1.0,490448.4801843088,4881414.5282925125,False,,,False
POS86307,maple,1.0,490449.6113299553,4881413.612619853,False,,,False
POS86308,maple,1.0,490428.3361705922,4881479.874881843,False,,,False
POS86315,maple,1.0,490439.94272927236,4881517.578428817,False,,,False
POS86316,maple,1.0,490446.7761719757,4881520.6791789,False,,,False
POS86317,maple,1.0,490432.34804598923,4881532.986587326,False,,,False
POS86321,maple,1.0,490420.5456557616,4881525.037076389,False,,,False
POS86327,maple,1.0,490414.9345551413,4881529.520768263,False,,,False
POS86328,maple,2.0,490623.1989241621,4882100.578326554,False,,,False
POS86329,maple,2.0,490633.96223548986,4882102.499400821,False,,,False
POS86330,maple,2.0,490627.28253005835,4882091.591873925,False,,,False
POS86331,oregon_ash,1.0,490436.5773064334,4881570.768225255,False,,,False
POS86332,oregon_ash,2.0,490618.7332321982,4882095.755186136,False,,,False
POS86333,oregon_ash,1.0,490433.7414558869,4881567.473041662,False,,,False
POS86335,maple,2.0,490612.7890627155,4882090.6118271835,False,,,False
POS86336,oregon_ash,1.0,490434.4533610282,4881569.983838483,False,,,False
POS86338,oregon_ash,1.0,490422.42428048427,4881557.314658082,False,,,False
POS86340,maple,1.0,490604.7547232186,4882076.4198136665,False,,,False
POS86344,oregon_ash,2.0,490596.24519239645,4882061.432805066,False,,,False
POS86347,maple,2.0,490595.49982155435,4882058.857211348,False,,,False
POS86348,maple,1.0,490602.02220935386,4882058.188598198,False,,,False
POS86350,maple,2.0,490590.4191065291,4882051.614469289,False,,,False
POS86352,maple,2.0,490587.1571852708,4882043.870481673,False,,,False
POS86354,maple,2.0,490546.4845275183,4881955.700685867,False,,,False
POS86356,oregon_ash,2.0,490542.9796233478,4881942.861336832,False,,,False
POS86360,maple,2.0,490552.9364804368,4881946.332282304,False,,,False
POS86361,maple,2.0,490555.76142980566,4881954.6515466785,False,,,False
POS86362,maple,1.0,490597.1296224076,4882043.326706247,False,,,False
POS87270,maple,30.0,490635.3619245337,4881240.8913385095,False,,,False
POS90218,maple,7.0,490449.097882428,4880659.0066281445,False,,,False
POS90219,maple,27.0,490501.1702280404,4880661.257303347,False,,,False
POS94865,pine,20.0,492136.1578722012,4881229.021697965,False,,,False
POS95622,pine,,492146.1904797887,4881228.054047509,False,,,False
POS97045,maple,6.0,491475.06937878806,4881935.198171656,False,,,False
POS98117,maple,40.0,491810.32875310775,4881685.706887893,False,,,False
POS98990,douglas_fir,24.0,491989.64869108424,4880738.953214458,False,,,False
POS98991,douglas_fir,70.0,491988.48197082523,4880748.57103532,False,,,False
POS99006,maple,39.0,490445.8187111885,4881578.8627304705,False,,,False
POS99010,oregon_ash,11.0,490455.37096775667,4881509.638658586,False,,,False
POS99013,oregon_ash,30.0,490444.58561638783,4881490.8257428575,False,,,False
POS99016,oregon_ash,42.0,490447.65258055733,4881468.181830538,False,,,False
POS99017,oregon_ash,65.0,490450.0289523643,4881458.461308668,False,,,False
POS99031,maple,25.0,490581.0771490947,4880986.574360789,False,,,False
POS99038,oak,3.0,490545.6740300251,4880823.276812444,False,,,False
POS99039,oak,3.0,490527.8666662374,4880798.260900476,False,,,False
POS99040,oak,8.0,490531.5131048296,4880797.605679169,False,,,False
POS99041,oak,5.0,490538.1671823406,4880806.091617762,False,,,False
POS99045,douglas_fir,3.0,490599.1222320097,4880806.662886259,False,,,False
POS99046,maple,25.0,490604.4511734261,4880782.460287164,False,,,False
POS99048,maple,21.0,490589.5952869553,4880790.451342149,False,,,False
POS99052,oak,2.0,490713.03063470544,4880710.223108521,False,,,False
POS99443,oak,24.0,491077.80717099574,4881223.607319792,False,,,False
POS99449,western_hemlock,12.0,491990.1425164177,4880799.935537992,False,,,False
POS100368,douglas_fir,23.0,491969.2513945066,4880844.008426058,False,,,False
POS100530,dogwood,3.0,492097.472693724,4881520.145893496,False,,,False
POS100824,douglas_fir,32.0,491989.89769069984,4880785.740286959,False,,,False
POS100825,oak,5.0,491986.67141954985,4880776.82569916,False,,,False
POS100826,douglas_fir,11.0,491989.2228870737,4880774.003765043,False,,,False
POS100827,douglas_fir,7.0,491986.538436118,4880770.956987855,False,,,False
POS100828,douglas_fir,35.0,491987.09083078016,4880766.1083527515,False,,,False
POS100829,douglas_fir,22.0,491988.2007686592,4880721.881490828,False,,,False
POS100830,douglas_fir,18.0,491971.24482,4880823.455910702,False,,,False
POS100831,douglas_fir,48.0,491989.00083058566,4880691.950029285,False,,,False
POS100836,douglas_fir,13.0,491972.342357347,4880757.74406065,False,,,False
POS103435,maple,51.0,490253.89606365626,4882117.200161177,False,,,False
POS103436,douglas_fir,41.0,490323.02756981226,4882116.947499083,False,,,False
POS103437,douglas_fir,40.0,490397.3179364317,4882116.716566002,False,,,False
POS103619,maple,2.0,492208.20313923777,4882336.699702725,False,,,False
POS105290,oak,27.0,491137.37167669216,4881571.898649501,False,,,False
POS105291,oak,27.0,491137.7005752141,4881580.240850466,False,,,False
POS105292,douglas_fir,18.0,491140.6069974259,4881597.267952489,False,,,False
POS126116,oak,51.0,491353.71293703833,4881555.0375719555,False,,,False
POS128086,oak,30.0,490234.0189755718,4882267.063684085,False,,,False
POS128087,oak,20.0,490241.2490040006,4882260.106146174,False,,,False
POS128088,pine,12.0,490469.46486011706,4882548.273214739,False,,,False
POS130001,maple,1.0,490690.1843103267,4880692.585521099,False,,,False
POS130011,maple,1.0,490679.8023349055,4880687.756441623,False,,,False
POS130015,oak,25.0,491089.7494665678,4881256.059502131,False,,,False
POS130016,oak,22.0,491083.49379227357,4881239.862572463,False,,,False
POS130017,oak,23.0,491095.86281931447,4881271.34206346,False,,,False
POS130018,oak,14.0,491109.0150753717,4881302.10390501,False,,,False
POS130030,maple,10.0,490588.59986327763,4880922.549963363,False,,,False
POS130032,pine,1.0,490730.6197013844,4880629.579000591,False,,,False
POS130034,pine,2.0,490728.0923903184,4880638.556218364,False,,,False
POS130037,oak,1.0,490726.2606435876,4880641.874348231,False,,,False
POS130043,maple,1.0,490681.0553489041,4880714.342085122,False,,,False
POS130050,maple,1.0,490546.11124688794,4881003.938037197,False,,,False
POS130076,maple,1.0,490678.9334558728,4880704.838240615,False,,,False
POS130078,maple,1.0,490683.5665887886,4880706.791624466,False,,,False
POS130093,maple,1.0,490598.70697193797,4880933.22617781,False,,,False
POS130098,oak,1.0,490710.23848689237,4880688.674867488,False,,,False
POS130099,oak,1.0,490704.87677109626,4880710.6441373015,False,,,False
POS130100,oak,1.0,490709.04631142784,4880692.376589032,False,,,False
POS130109,maple,1.0,490562.6301021505,4881024.320881486,False,,,False
POS130112,pine,1.0,490554.2051430789,4881019.385796675,False,,,False
POS130114,maple,1.0,490588.1358020782,4880935.834239078,False,,,False
POS130116,maple,1.0,490578.77178331616,4880943.968450741,False,,,False
POS130117,maple,1.0,490584.2792342564,4880946.458131215,False,,,False
POS130119,maple,1.0,490544.31919881,4881012.629078453,False,,,False
POS130120,maple,1.0,490586.36707797437,4880932.964597987,False,,,False
POS130122,maple,1.0,490703.7768096745,4880661.745206177,False,,,False
POS130123,oak,1.0,490722.99109214963,4880655.601538119,False,,,False
POS130124,oak,1.0,490720.4042906732,4880661.6893086005,False,,,False
POS130125,oak,1.0,490702.7640446986,4880713.3312677,False,,,False
POS130135,oak,1.0,490446.63571253896,4881364.873816706,False,,,False
POS130136,oak,1.0,490446.1290939779,4881367.877170866,False,,,False
POS130146,maple,1.0,490439.29591650463,4881467.621191885,False,,,False
POS130147,pine,1.0,490446.4979585951,4881381.982601923,False,,,False
POS130148,pine,1.0,490446.07685905526,4881359.542619684,False,,,False
POS130170,pine,1.0,490560.64918676286,4881020.978198893,False,,,False
POS130172,maple,1.0,490598.9185535412,4880924.9483902715,False,,,False
POS130174,maple,1.0,490568.2935052358,4880976.534006579,False,,,False
POS130176,maple,1.0,490570.3174934408,4880995.027139144,False,,,False
POS130178,maple,1.0,490561.42913656344,4880993.667813836,False,,,False
POS130180,maple,1.0,490562.9270679229,4880980.49258909,False,,,False
POS130181,maple,1.0,490566.9176768307,4880974.006696544,False,,,False
POS130183,maple,1.0,490560.3468205312,4881001.175202322,False,,,False
POS130184,maple,1.0,490563.66696999106,4880976.564970206,False,,,False
POS130185,maple,1.0,490565.6737545919,4880979.8316232,False,,,False
POS130186,maple,1.0,490552.1970758312,4880985.739075985,False,,,False
POS130189,maple,1.0,490665.17885633884,4880746.132274581,False,,,False
POS130190,maple,1.0,490666.751643557,4880740.164753526,False,,,False
POS130197,maple,1.0,490673.27866642206,4880732.269600701,False,,,False
POS130199,maple,1.0,490674.0294885644,4880723.518386351,False,,,False
POS130203,pine,1.0,490447.10178979323,4881386.097912529,False,,,False
POS130218,maple,1.0,490475.6390121048,4881333.963532763,False,,,False
POS130219,maple,1.0,490475.2183415567,4881337.51836421,False,,,False
POS130222,maple,1.0,490471.74371339526,4881364.97033189,False,,,False
POS130223,maple,1.0,490469.98336367373,4881366.47554549,False,,,False
POS130309,dogwood,14.0,490960.77835928387,4881259.525062104,False,,,False
POS130315,dogwood,8.0,490899.89566510567,4881290.154228086,False,,,False
POS130320,dogwood,5.0,490864.98972170736,4881307.865060827,False,,,False
POS130852,maple,1.0,490243.2474101126,4880906.075468861,False,,,False
POS130855,maple,1.0,490237.307954245,4880926.15955212,False,,,False
POS130856,maple,1.0,490235.8600101099,4880930.869066752,False,,,False
POS131916,maple,1.0,490245.38302177086,4880898.776707657,False,,,False
POS134742,maple,1.0,490393.9814119922,4881583.448842673,False,,,False
POS134743,maple,1.0,490400.7097880638,4881584.885919136,False,,,False
POS134745,maple,1.0,490397.7093827952,4881584.934101813,False,,,False
POS134746,maple,1.0,490392.33668020804,4881584.279890162,False,,,False
POS134747,maple,1.0,490371.31470058253,4881580.485905422,False,,,False
POS134748,maple,1.0,490371.5588104459,4881583.894465501,False,,,False
POS134749,maple,1.0,490367.55793905293,4881581.088434683,False,,,False
POS134750,maple,1.0,490463.1614435519,4881414.219209738,False,,,False
POS134751,maple,1.0,490463.3807543294,4881411.292985715,False,,,False
POS134752,maple,1.0,490463.5642905418,4881408.184890138,False,,,False
POS134754,pine,1.0,490706.28780377744,4880696.486987014,False,,,False
POS134765,maple,1.0,490509.5598815813,4881131.954950377,False,,,False
POS134768,maple,1.0,490518.295616663,4881120.260010739,False,,,False
POS134911,oak,1.0,490707.86887910456,4880699.079924753,False,,,False
POS146364,maple,14.0,491169.75332485116,4882396.8275144445,False,,,False
POS151201,oak,2.0,491100.55806688603,4882599.161196302,False,,,False
POS151204,oak,2.0,491088.0144413961,4882601.057369154,False,,,False
POS158033,maple,6.0,491325.20744480455,4882195.995832319,False,,,False
POS160583,green_ash,13.0,490252.85057407134,4880759.918200675,False,,,False
POS160748,maple,17.0,491201.92594898713,4880744.939626372,False,,,False
